-- MySQL dump 10.13  Distrib 5.7.14, for Linux (x86_64)
--
-- Host: localhost    Database: lara_sistema
-- ------------------------------------------------------
-- Server version	5.7.14-1+deb.sury.org~trusty+0
/*!40103 SET @OLD_TIME_ZONE=@@TIME_ZONE */;
/*!40103 SET TIME_ZONE='+00:00' */;
/*!40014 SET @OLD_UNIQUE_CHECKS=@@UNIQUE_CHECKS, UNIQUE_CHECKS=0 */;
/*!40014 SET @OLD_FOREIGN_KEY_CHECKS=@@FOREIGN_KEY_CHECKS, FOREIGN_KEY_CHECKS=0 */;
/*!40101 SET @OLD_SQL_MODE=@@SQL_MODE, SQL_MODE='NO_AUTO_VALUE_ON_ZERO,MYSQL40' */;
/*!40111 SET @OLD_SQL_NOTES=@@SQL_NOTES, SQL_NOTES=0 */;

--
-- Table structure for table `abastecimentos`
--

DROP TABLE IF EXISTS `abastecimentos`;
CREATE TABLE `abastecimentos` (
  `id` int(10) unsigned NOT NULL AUTO_INCREMENT,
  `frotas_id` int(11) DEFAULT NULL,
  `data` varchar(255) DEFAULT NULL,
  `combustivel` varchar(255) DEFAULT NULL,
  `documento` varchar(255) DEFAULT NULL,
  `lts` varchar(255) DEFAULT NULL,
  `preco_lts` varchar(255) DEFAULT NULL,
  `contas_id` int(11) DEFAULT NULL,
  `km_anterior` varchar(255) DEFAULT NULL,
  `km_atual` varchar(255) DEFAULT NULL,
  `km_rodado` varchar(255) DEFAULT NULL,
  `km_lts` varchar(255) DEFAULT NULL,
  `abastecido_em` varchar(255) DEFAULT NULL,
  `abastecido_por` varchar(255) DEFAULT NULL,
  `estado` varchar(255) DEFAULT NULL,
  `created_at` timestamp NULL DEFAULT NULL,
  `updated_at` timestamp NULL DEFAULT NULL,
  `deleted_at` timestamp NULL DEFAULT NULL,
  PRIMARY KEY (`id`)
) ;

--
-- Dumping data for table `abastecimentos`
--

LOCK TABLES `abastecimentos` WRITE;
/*!40000 ALTER TABLE `abastecimentos` DISABLE KEYS */;
/*!40000 ALTER TABLE `abastecimentos` ENABLE KEYS */;
UNLOCK TABLES;

--
-- Table structure for table `andamentos`
--

DROP TABLE IF EXISTS `andamentos`;
CREATE TABLE `andamentos` (
  `id` int(10) unsigned NOT NULL AUTO_INCREMENT,
  `tickets_id` int(11) NOT NULL,
  `titulo` varchar(255) NOT NULL,
  `descricao` text NOT NULL,
  `data` varchar(255) NOT NULL,
  `created_at` timestamp NULL DEFAULT NULL,
  `updated_at` timestamp NULL DEFAULT NULL,
  `deleted_at` timestamp NULL DEFAULT NULL,
  PRIMARY KEY (`id`)
) ;

--
-- Dumping data for table `andamentos`
--

LOCK TABLES `andamentos` WRITE;
/*!40000 ALTER TABLE `andamentos` DISABLE KEYS */;
/*!40000 ALTER TABLE `andamentos` ENABLE KEYS */;
UNLOCK TABLES;

--
-- Table structure for table `atendimentos`
--

DROP TABLE IF EXISTS `atendimentos`;
CREATE TABLE `atendimentos` (
  `id` int(10) unsigned NOT NULL AUTO_INCREMENT,
  `contatos_id` int(11) NOT NULL,
  `assunto` varchar(255) NOT NULL,
  `texto` text NOT NULL,
  `created_at` timestamp NULL DEFAULT NULL,
  `updated_at` timestamp NULL DEFAULT NULL,
  `deleted_at` timestamp NULL DEFAULT NULL,
  PRIMARY KEY (`id`)
)  AUTO_INCREMENT=82;

--
-- Dumping data for table `atendimentos`
--

LOCK TABLES `atendimentos` WRITE;
/*!40000 ALTER TABLE `atendimentos` DISABLE KEYS */;
INSERT INTO `atendimentos` VALUES (1,11,'R: Modificaç?os Site','Reunião para adicionar textos, analise dos preços para o e-marketing e discutimos sobre assuntos de outras geladeiras a venda','2016-12-17 02:00:00','2016-12-19 17:57:13',NULL),(2,12,'Entrega das fotos','Cuidado, pessoa complicada, realizando processo contra ex marido.\r\nEditada fotos e impressa as mesmas, para ela, entregue em mãos.\r\n\r\nVarias tentativas de reunião furadas do lado dela.\r\nPessoa em alerta.','2016-12-17 02:00:00','2016-12-19 17:59:46',NULL),(3,3,'Acerto Pagamento','Discuti com o renam sobre o pagamento que ele nao queria realizar.\r\n\r\nExpliquei o que havia sido combinado, e acertado. Ele pagou. E passou as ultimsa alterações.\r\n\r\nCompartilhamento e login pelo Facebook\r\nVerificar o menu de games\r\nLogin no responsivo\r\nAdicionar as fotos para os autofalantes do site Centra Pionner\r\nRemover o efeito de movimentação dos produtos','2016-12-21 01:46:04','2016-12-21 01:50:27',NULL),(4,3,'Modificações','ADD Facebook Sync\r\nModificado Textos menores\r\nAtualizado Joomla e Akeeaba\r\n','2016-12-22 00:21:58','2016-12-22 00:22:50',NULL),(5,14,'Modificação','Add campo no \"TEMPO DE ESPERA\" para ferias de fim de ano.\r\n\r\nPermitiu usar a referencia dele para contato com restaurante mexicano','2016-12-20 02:00:00','2016-12-22 00:25:15',NULL),(6,11,'Modificação','ADD modulo Rokspocket para peças a venda\r\nADD campo para descrição dos produtos.\r\ngerado boleto para compra do tecido Chroma Key e passado por boelto para Sandra','2016-12-22 01:18:58','2016-12-22 01:19:51',NULL),(7,3,'Defeito','<p>Site parou de funcionar dando erro no TCPDF do virtuemart.</p><p>Necessario desinstalar o componente e reinstala-lo</p><p>Parece ser resultado da atualização para Joomla 3.6.5</p><p><strong>Observar</strong></p>','2016-12-23 01:22:41','2016-12-23 01:23:37',NULL),(8,2,'KMZ','<p>Sitio do Salvador - KMZ - Fazer</p>','2016-12-20 02:00:00','2016-12-24 13:39:28',NULL),(9,2,'KMZ','<p>KMZ da area C2</p>','2016-12-20 02:00:00','2016-12-24 13:41:02',NULL),(10,3,'Modificações','<ul><li>Recolocado categoria <em>VideoGames&nbsp;</em>na loja virtual</li><li>Produtos, fotos e preços para <em>video games</em> foram acressentados tambem</li><li><strong>Necessario confirmar preços dos videogames por estarem em moeda brasileira</strong></li><li>Modificado imagens padrões para:<ul><li>Painel ADM</li><li>Login ADM</li><li>Favicon Frontend</li></ul></li></ul>','2016-12-25 17:57:45','2016-12-25 18:00:13',NULL),(11,6,'Parecer Tecnico','<p>Adicionar fotos em DOCx e modificar layout</p>','2016-12-19 02:00:00','2016-12-25 18:49:50',NULL),(12,3,'Facebook e Site','<p>Depois de 3 tentativas de atendimento, consegui falar com o Renan via whatsapp, expliquei que seria necessario acesso administrativo a pagina do facebook para login na fanpage, ele ira passar para a tamires, explicado das possibilidades de nao dar acesso a minha cotna pessoal, porem necessario que seja feito com eles.</p><p>Reunião marcada para amanha depois das 18.</p>','2016-12-28 13:14:16','2016-12-28 13:16:36',NULL),(13,8,'Modificação','<p>No link: http://camelo.com.br/index.php/conhecer modificado url para o camelo de testes para: http://104.198.247.213:8880/teste/faces/login.jsp<br><br>Pedido por: Guilherme</p>','2016-12-29 14:35:47','2016-12-29 14:37:01',NULL),(14,3,'a fazer','<ul><li><span style=\"background-color: initial; text-align: initial;\">Selecionar produtos \"Ultimos adicionados\"</span></li><li><span style=\"background-color: initial; text-align: initial;\">Informações do pedido dando desconto falso</span></li><li><span style=\"background-color: initial; text-align: initial;\">Embaralhamento</span></li><li><span style=\"background-color: initial; text-align: initial;\">Mudar situação do pedido</span><ul><li><span style=\"background-color: initial; text-align: initial;\">Completed &gt; Completado</span></li><li>Denied &gt; Negado</li></ul></li><li>Botão do subcribe no footer traduzir</li><li>Criar categorias para as atualizações por fabricante</li><li>Criar telas de tutoriais, vide anexo<ul><li>Links de exemplo:<ul><li>www.mundoaz.com.br</li></ul></li></ul></li><li>Facebook:&nbsp;<ul><li>https://www.facebook.com/hobbystoreararaquara/</li><li>hobbystoreararaquara@gmail.com</li><li>HOBBY1234</li></ul></li></ul><p><strong>Consultoria:</strong></p><ul><li>Ensinar add produtos e categorias</li><li>Questionado sobre SEO</li></ul>','2016-12-29 19:52:40','2016-12-29 22:19:16',NULL),(15,3,'Modificações','<p><label for=\"data\"><strong>Referente ao atendimento anterior</strong></label></p>\r\n<div>\r\n<ul>\r\n<li>Selecionar produtos \"Ultimos adicionados\"\r\n<ul>\r\n<li>Usar DESTAQUE do joomla</li>\r\n</ul>\r\n</li>\r\n<li>Informa&ccedil;&otilde;es do pedido dando desconto falso\r\n<ul>\r\n<li>Removido via codigo \"components/com_virtuemart/views/orders/tmpl/details_items.php\"</li>\r\n</ul>\r\n</li>\r\n<li>Embaralhamento\r\n<ul>\r\n<li>Se refere a adapta&ccedil;&atilde;o dos produtos as telas, este erro &eacute; causado por causa da grande quantidade de altera&ccedil;&otilde;es do template.</li>\r\n</ul>\r\n</li>\r\n<li>Mudar situa&ccedil;&atilde;o do pedido\r\n<ul>\r\n<li>Feito</li>\r\n</ul>\r\n</li>\r\n<li>Bot&atilde;o do subcribe no footer traduzir<br />\r\n<ul>\r\n<li>Feito</li>\r\n</ul>\r\n</li>\r\n<li>Criar categorias para as atualiza&ccedil;&otilde;es por fabricante\r\n<ul>\r\n<li>Enviado mensagem no whats para decidir melhor forma de resolver</li>\r\n<li>Estou olhando aqui as atualiza&ccedil;&otilde;es... temos 2 op&ccedil;&otilde;es, qual voce prefere?<br /> 1- Eu fa&ccedil;o as sub categorias com os nomes dos fabricantes.... POREM, precisa refazer TODAS as atualiza&ccedil;&otilde;es.<br /> 2- Coloco um lugar para busca.</li>\r\n</ul>\r\n</li>\r\n<li>Criar telas de tutoriais, vide anexo\r\n<ul>\r\n<li>Criado, explicar como usar</li>\r\n</ul>\r\n</li>\r\n</ul>\r\n</div>','2016-12-31 15:52:22','2016-12-31 15:55:23',NULL),(16,3,'Modificação','<p>Colocado sincroniza&ccedil;&atilde;o com a pagina do facebook da hobbystore na conta deles:</p>\r\n<ul>\r\n<li>Usuario: <a href=\"mailto:hobbystoreararaquara@gmail.com\">hobbystoreararaquara@gmail.com</a></li>\r\n<li>Senha: HOBBY1234</li>\r\n</ul>\r\n<p>Criado app para login social na propria conta do facebook da hobbystore</p>\r\n<ul>\r\n<li>App ID/API Key:&nbsp;1136862083048742</li>\r\n<li>Secret: 404e989f10195461630d7c63e51094a4</li>\r\n</ul>\r\n<p>&nbsp;</p>','2016-12-31 23:31:21','2016-12-31 23:33:28',NULL),(17,1,'Contatos','<p>Entrei em contato com varios clientes, contatos e amigos atras de novos clientes.</p>','2017-01-03 02:00:00','2017-01-03 13:07:39',NULL),(19,3,'Modificação','<p>Adicionado ao site codigo de acompanhamento do Analitycs \"UA-28898620-17\"</p>','2017-01-03 14:29:26','2017-01-03 14:30:04',NULL),(20,3,'Modificação','<p>Em conversa por whatapp, Renan pediu para criar as telas de&nbsp;<strong>atualiza&ccedil;&otilde;es</strong> para o site separado por categorias que ser&atilde;o as fabricantes dos aparelhos. Ja realizados</p>','2017-01-03 17:11:39','2017-01-03 17:12:37',NULL),(21,1,'ERP','<p>Analisar os seguintes CRMs</p>\r\n<ul>\r\n<li>glpi</li>\r\n<li>Osticket</li>\r\n<li>Phpgw-tts</li>\r\n<li>vtiger</li>\r\n<li>Sugar (<a href=\"http://www.sugarforge.org/content/open-source/\" target=\"_blank\" rel=\"nofollow noopener noreferrer\">http://www.sugarforge.org/content/open-source/</a>)</li>\r\n<li>Mantis</li>\r\n<li>RT - Request Tracker.</li>\r\n</ul>','2017-01-04 13:27:59','2017-01-04 13:28:40',NULL),(22,28,'Tentativa de contato','<p>Tentativa de contato para venda, apenas caixa postal</p>','2017-01-04 17:39:08','2017-01-04 17:39:38',NULL),(23,7,'Modificação','<p>Altera&ccedil;&atilde;o do contatos pedido pela Lisandra Braz,</p>\r\n<ul>\r\n<li>Campo DATA DE NASCIMENTO agora &eacute; STRING</li>\r\n<li>Busca por NASCIMENTO</li>\r\n</ul>','2017-01-05 18:25:46','2017-01-05 18:28:45',NULL),(24,7,'Facebook','<p>Eliane entrou em contato para aprender a mudar ADMs da fanpage do elton, remover a Raissa, e adicionar a Lizandra.<br /><br />Nao conseugiu e acabei fazendo.</p>','2017-01-05 20:57:24','2017-01-05 20:58:12',NULL),(25,2,'Visita','<p>Atendimento comum, discutido:</p>\r\n<ul>\r\n<li>Como anexar corratamente arquivos ao email</li>\r\n<li>Como baixar anexos e salva-los corretamente</li>\r\n<li>Gerado duas imagens de areas feitas no google earth</li>\r\n<li>explicado como liberar mais espa&ccedil;o no celular, apagando fotos e videos</li>\r\n<li>discutimos o pagamento dos cheques, aceitou receber ate o fim do mes o relacionado a este mes, e ira segurar o pagamento restante do mes passado, sendo este 600 reais faltando.</li>\r\n</ul>','2017-01-06 00:39:06','2017-01-06 00:40:41',NULL),(26,31,'Sistema para Asseguradora','<p>Em novo contato, questionei sobre o sistema, a resposta segue:</p>\r\n<blockquote>\r\n<div>Artur, Boa Tarde.</div>\r\n<div>&nbsp;</div>\r\n<div>Ainda n&atilde;o defini nada, e nem cotei em outro lugar.</div>\r\n<div>Acho que s&oacute; para inicio de Fevereiro.</div>\r\n<div>&nbsp;</div>\r\n<div><br />Reginaldo Ferreira da Encarna&ccedil;&atilde;o<br />LKR Barros Corr. de Seguros Ltda<br />Cel. <a href=\"tel:(16)%2099783-2638\" target=\"_blank\" rel=\"noopener noreferrer\">16.99783.2638</a> Tel. <a href=\"tel:(16)%203385-1353\" target=\"_blank\" rel=\"noopener noreferrer\">16.33851353</a></div>\r\n</blockquote>','2017-01-06 00:42:13','2017-01-06 00:43:02',NULL),(27,32,'Conversa','<p>Apareceu na loja com um problema no notebook, conversamos sobre vender sites, vai falar com o Mazzarropi para oferecer.</p>','2017-01-06 21:16:41','2017-01-06 21:17:22',NULL),(28,33,'Reunião','<p>Conversei com ele da reuni&atilde;o para vermos o site de venda de pe&ccedil;as, o que ja havia sido conversado antes. Proximo sabado as 12:30, no lupo.</p>','2017-01-06 21:19:19','2017-01-06 21:20:05',NULL),(29,7,'Modificações','<p>Lisandra entrou em cotnato comigo para mudar o header do site do Elton, retirar numero e nome da edna.</p>','2017-01-12 00:07:43','2017-01-12 00:08:31',NULL),(30,34,'Pesquisa','<h3>Dados Gerais:</h3>\r\n<p><strong>Site:&nbsp;</strong><a href=\"https://www.facebook.com/PizzariaAlCaponeOficial/?ref=nf\">https://www.facebook.com/PizzariaAlCaponeOficial/?ref=nf</a></p>\r\n<h3>Analise:</h3>\r\n<ul>\r\n<li>Arte da fanpage s&atilde;o fracas.</li>\r\n<li>N&atilde;o possui site especifico.</li>\r\n<li>Atendimento direto via facebook mensenger</li>\r\n<li>Nao responde avalia&ccedil;&otilde;es de clientes na fanpage</li>\r\n<li>Trabalho social via facebook est&aacute; fraco, precisa ser revisto.</li>\r\n</ul>\r\n<h3>Considera&ccedil;&otilde;es:</h3>\r\n<ul>\r\n<li>Merece um site para venda online.</li>\r\n<li>A arte e trabalho via facebook precisa ser revisto e melhorado.</li>\r\n<li>A aten&ccedil;&atilde;o para comentarios de clientes no facebook deve existir, e ser categorico!</li>\r\n</ul>','2017-01-12 14:57:12','2017-01-12 15:02:33',NULL),(31,29,'Analise','<h2>Analise:</h2>\r\n<ul>\r\n<li>Publica&ccedil;&otilde;es de facebook n&atilde;o s&atilde;o amadoras.</li>\r\n<li>Avalia&ccedil;&otilde;es no facebook n&atilde;o s&atilde;o todas ignoradas.</li>\r\n<li>Trabalho de marketing via facebook precisa ser criado.</li>\r\n<li>N&atilde;o possui site.</li>\r\n<li></li>\r\n</ul>','2017-01-12 15:07:56','2017-01-12 15:14:47',NULL),(32,35,'Prospecção','<p>Envirei um e-mail, com varios problemas constando no site e facebook, segue:</p>\r\n<blockquote>\r\n<p>Boa tarde,</p>\r\n<div><br />Sou Artur, da WebGS, e trabalho com desenvolvimento web aqui em Araraquara, estive monitorando o trabalho da Nova Amarelinha na internet, e vejo alguns pontos que poderia ser melhorado, afim de trazer mais destaque, e logo aumentar as vendas de sua loja.</div>\r\n<div>\r\n<ul>\r\n<li>Atualizar a tecnologia, aparencia e conteudo do site.</li>\r\n<ul>\r\n<li>Atualmente sua pagina foi arquitetada na plataforma Joomla 2.5, e foi feita de forma estatica, e por conta disso voce esta sendo penalizado pelo google, e outros buscadores.</li>\r\n<li>Existem algumas formas de se melhorar isto.</li>\r\n</ul>\r\n<li>Criar um trabalho personalizado para a fanpage do facebook,</li>\r\n<ul>\r\n<li>Muito do que &eacute; dito e feito no facebook &eacute; o primeiro contato com possiveis clientes e a forma como antigos clientes veem sua marca, e n&atilde;o existe a devida aten&ccedil;&atilde;o a este publico na sua fan page.</li>\r\n<li>N&atilde;o a resposta a comentarios e avalia&ccedil;&otilde;es tambem.</li>\r\n</ul>\r\n<li>As informa&ccedil;&otilde;es passadas ao GOOGLE est&atilde;o incompletas.</li>\r\n<li>Existem muitas possibilidades de melhoria, hoje a internet &eacute; consultada primeiro a lista telefonica e paginas amarelas.</li>\r\n<li>Porem voc&ecirc; so &eacute; levado em cotna se manter dados, sites, facebook atualizados e atentos. Bem como informa&ccedil;&otilde;es de PRODUTOS e SERVI&Ccedil;OS prestados.</li>\r\n</ul>\r\n<div>A WebGS presta este tinha de trabalho em consultoria e desenvolvimento.</div>\r\n</div>\r\n<div>&nbsp;</div>\r\n<div>Gostaria de marcar uma reuni&atilde;o, sem compromisso, com o responsavel para aprensentar ideias e possibilidades.</div>\r\n<div>&nbsp;</div>\r\n<div>Agrade&ccedil;o a aten&ccedil;&atilde;o e estou a disposi&ccedil;&atilde;o para duvidas</div>\r\n<div>Att.<br /><br />Artur Sena e Silva.</div>\r\n<div>(16) 9 99616-0622.</div>\r\n<div><a href=\"http://www.webgs.com.br/\" target=\"_blank\" rel=\"noopener noreferrer\" data-saferedirecturl=\"https://www.google.com/url?hl=pt-BR&amp;q=http://www.webgs.com.br&amp;source=gmail&amp;ust=1485431604197000&amp;usg=AFQjCNElhCHhkq8Rw3o7yn3E_9JDj235ig\">www.webgs.com.br</a></div>\r\n</blockquote>','2017-01-23 02:00:00','2017-01-25 13:55:55',NULL),(33,3,'Atendimento','<p>Renam perguntou como configurar frete no site pois foi realizado uma compra e nao foi cobrado, enviado duas fotos (em anexo) demonstrando como fazer tal, segue conversa:</p>\r\n<blockquote>\r\n<p><br />[12:03, 26/1/2017]&nbsp;Artur:&nbsp;Voce pode cadastrar de algumas formas, o qeu recomendo seria um frete generico.... que e este que te mandei, e foi ate o que voce falou nas reuni&otilde;es que preferia usar.</p>\r\n<p>voce coloca X reais e toda compra vai ter esse frete. <br />[12:03, 26/1/2017]&nbsp;Artur:&nbsp;Agora, se voce quiser fazer que o site CALCULE quanto seria o frete correto, precisa determinar peso e altura de cada produto, <br />[12:04, 26/1/2017]&nbsp;Artur:&nbsp;A gente pode colocar algumas regras tambem, para ser um percentual do pre&ccedil;o do produto, ou ALCANCE para calcular o frete</p>\r\n</blockquote>','2017-01-26 02:00:00','2017-01-26 16:05:56',NULL),(34,34,'Prospecção','<p>Fui com o Castanharo conversar com o socio, apresentei as ideias e ele ficou interressado, mas acima de tudo sobre o facebook. Vai conversar com o socio dele, e me da retorno ate ter&ccedil;a.</p>','2017-01-26 23:37:45','2017-01-26 23:38:59',NULL),(35,8,'Reunião','<p>Reuni com o Jo&atilde;o hoje, ele pediu para segura a parte de propaganda generalizada e levantar possibilidades para os seguintes pontos:</p>\r\n<ul>\r\n<li>Como fazer propaganda para possiveis <strong>GRANDES</strong>&nbsp;clientes</li>\r\n<li>Fazer men&ccedil;&atilde;o do camelo nas nuvens</li>\r\n</ul>\r\n<p>Ele tambem falou de um novo contato de \"usabilidade\" se seria interresante entrar em contato com tal. Averiguarei sobre o dito.</p>','2017-01-26 23:39:06','2017-01-26 23:41:17',NULL),(36,3,'Atendimento','<p>Baixado timeline de erros no computador da loja.</p>\r\n<p>Detectado nas paginas:</p>\r\n<ul>\r\n<li><a href=\"http://robby.store/index.php/receptor/azamerica\">http://robby.store/index.php/receptor/azamerica</a></li>\r\n</ul>\r\n<p>Altera&ccedil;&otilde;es pedidas:</p>\r\n<ul>\r\n<li>No menu de login:\r\n<ul>\r\n<li>Colocar \"acessar com facebook\"</li>\r\n<li>Mudar texto \"Sem acesso\" para \"<em>J&aacute; possui um cadastro?\"</em></li>\r\n<li></li>\r\n</ul>\r\n</li>\r\n</ul>','2017-01-27 22:13:40','2017-01-27 22:43:11',NULL),(37,39,'Prospecção','<p>Em conversa, questionou quanto fica um site para um musico como de outros cantores de sertanejo, segue a conversa:</p>\r\n<blockquote>\r\n<p>[16:44, 1/2/2017]&nbsp;Du Candreva:&nbsp;oh grande <br />[16:44, 1/2/2017]&nbsp;Artur:&nbsp;Opa! E ae w <br />[16:45, 1/2/2017]&nbsp;Du Candreva:&nbsp;Brunoebarretto.com br <br />[16:45, 1/2/2017]&nbsp;Du Candreva:&nbsp;Conrado e Alexsandro.com.br <br />[16:45, 1/2/2017]&nbsp;Du Candreva:&nbsp;CondadoeAlexsandro.com.br <br />[16:45, 1/2/2017]&nbsp;Du Candreva:&nbsp;quero um site assim... <br />[16:46, 1/2/2017]&nbsp;Du Candreva:&nbsp;quanto fica... <br />[16:46, 1/2/2017]&nbsp;Du Candreva:&nbsp;$$$$$ <br />[16:46, 1/2/2017]&nbsp;Du Candreva:&nbsp;um camaradaaaaaaaaaa <br />[16:46, 1/2/2017]&nbsp;Artur:&nbsp;http://www.brunoebarretto.com.br/ esse? <br />[16:46, 1/2/2017]&nbsp;Du Candreva:&nbsp;exemplosssssssss <br />[16:47, 1/2/2017]&nbsp;Artur:&nbsp;Tem alguma informa&ccedil;&atilde;o que voce quer poder adicionar? Por exemplo \"videos\", \"textos\" ? <br />[16:47, 1/2/2017]&nbsp;Artur:&nbsp;Integrar com alguma coisa, por exemplo, facebook, google docs <br />[16:47, 1/2/2017]&nbsp;Artur:&nbsp;algo? <br />[16:48, 1/2/2017]&nbsp;Du Candreva:&nbsp;perai!!! <br />[16:48, 1/2/2017]&nbsp;Du Candreva:&nbsp;quero banco dados de email <br />[16:48, 1/2/2017]&nbsp;Du Candreva:&nbsp;capturar enail <br />[16:48, 1/2/2017]&nbsp;Du Candreva:&nbsp;cara exemplo <br />[16:48, 1/2/2017]&nbsp;Artur:&nbsp;para a pessoa receber newsletter? <br />[16:48, 1/2/2017]&nbsp;Du Candreva:&nbsp;cadastra site .. ganha uma musica pra baixar <br />[16:49, 1/2/2017]&nbsp;Du Candreva:&nbsp;vamos dar sei ka <br />[16:49, 1/2/2017]&nbsp;Du Candreva:&nbsp;musica ou poster pra baixar <br />[16:49, 1/2/2017]&nbsp;Du Candreva:&nbsp;algo assim <br />[16:49, 1/2/2017]&nbsp;Artur:&nbsp;Ahhh ent&atilde;o uma area logada para a pessoa ter conteudos para ela... certo.... <br />[16:49, 1/2/2017]&nbsp;Artur:&nbsp;E voce quer ter o controle para adicionar mais material para os cadastrados, pagantes e mais coisas? <br />[16:49, 1/2/2017]&nbsp;Du Candreva:&nbsp;nao precisa integral midias sociais so link q cai la <br />[16:50, 1/2/2017]&nbsp;Du Candreva:&nbsp;nao area nao <br />[16:51, 1/2/2017]&nbsp;Artur:&nbsp;ahhh pode crer... coloque seu email e receba tal coisa... assim voce tem o email da pessoa... ok... <br />[16:51, 1/2/2017]&nbsp;Artur:&nbsp;esse email, voce quer usar ele para que? <br />[16:51, 1/2/2017]&nbsp;Artur:&nbsp;Vai usar para enviar e-marketing, so ter um db disso e poder ver, alguma coisa mais complexa? <br />[16:54, 1/2/2017]&nbsp;Artur:&nbsp;Quer que eu coloque um sistema para isso no site? <br />[16:54, 1/2/2017]&nbsp;Du Candreva:&nbsp;fica caro??? <br />[16:54, 1/2/2017]&nbsp;Du Candreva:&nbsp;kkkkkkkkkkkkkk <br />[16:54, 1/2/2017]&nbsp;Du Candreva:&nbsp;senao so um listagem q eu posso subir em algm email marketing <br />[16:55, 1/2/2017]&nbsp;Artur:&nbsp;Fazemos assim, eu te cobraria 1000, por um site, com campos editaves e para voce postar mais conteuno.... isso sem nada de especiais, mas nos moldes que voce me pediu..... <br />[16:55, 1/2/2017]&nbsp;Artur:&nbsp;Eu te cobro 600, por que ja me indicou servico <br />[16:55, 1/2/2017]&nbsp;Artur:&nbsp;&eacute; parente do gui, que eu tenho uma maisade muito grande <br />[16:55, 1/2/2017]&nbsp;Artur:&nbsp;se voce quiser o marketing, eu cobro 200 a mais <br />[16:57, 1/2/2017]&nbsp;Artur:&nbsp;Nao... 800, <br />[16:58, 1/2/2017]&nbsp;Du Candreva:&nbsp;blz!! <br />[16:58, 1/2/2017]&nbsp;Artur:&nbsp;O site nao &eacute; para voce? <br />[16:58, 1/2/2017]&nbsp;Artur:&nbsp;Hmmm... mas blz <br />[16:58, 1/2/2017]&nbsp;Artur:&nbsp;Fica a mesma coisa <br />[16:58, 1/2/2017]&nbsp;Artur:&nbsp;Blz... me mnada msg depois para conversar com ele, para pegar algum material para come&ccedil;armos... <br />[16:59, 1/2/2017]&nbsp;Artur:&nbsp;Du, para informar, o pagamento metade tem que ser de entrada, &eacute; o que custeia. O resto a gente parcela se for o caso (em cheque)</p>\r\n</blockquote>','2017-02-01 02:00:00','2017-02-01 21:05:25',NULL),(38,7,'Reunião','<p>Reuni&atilde;o na camara para discutir mudan&ccedil;as no site. Estiveram presentes a Elisandra, &nbsp;Eliane e Juliano. Ficou agendada nova reuni&atilde;o para vermos como est&aacute; ficando, e os seguitnes pontos foram levantados:</p>\r\n<ul>\r\n<li>Cria&ccedil;&atilde;o de um contrato de presta&ccedil;&atilde;o de servi&ccedil;os&nbsp;\r\n<ul>\r\n<li>Direitos e funcionamento</li>\r\n<li>Tempo de 12 meses</li>\r\n<li>Valor</li>\r\n<li>Tambem irei incluir:\r\n<ul>\r\n<li>Isen&ccedil;&atilde;o de resposabilidade sobre tudo que estiver no site</li>\r\n</ul>\r\n</li>\r\n</ul>\r\n</li>\r\n<li>Para o CRM integrado ao site\r\n<ul>\r\n<li>Adicionar ao atendimentos os campos\r\n<ul>\r\n<li>Tipo de documento</li>\r\n<li>Numero do documento</li>\r\n</ul>\r\n</li>\r\n</ul>\r\n</li>\r\n<li>Ao site:\r\n<ul>\r\n<li>sera criado o GABINETE ONLINE\r\n<ul>\r\n<li>integrado ao CRM do site</li>\r\n<li>ver <a href=\"http://gabinete\">http://gabinete</a>.camara-arq.gov.br (Usuario: J.PINTO Senha: 123456)</li>\r\n<li>Msg descrevendo o que se trata ali</li>\r\n<li>Sistema de cadastro com valida&ccedil;&atilde;o de e-mail</li>\r\n<li>Adicionar uma indica&ccedil;&atilde;o</li>\r\n</ul>\r\n</li>\r\n<li>Possibilidades\r\n<ul>\r\n<li>Biografia</li>\r\n<li>Trabalhos realizados</li>\r\n<li>Materias</li>\r\n<li>Conferir da Tainara Farias e Jeferson Yashuda</li>\r\n<li>Videos</li>\r\n</ul>\r\n</li>\r\n</ul>\r\n</li>\r\n</ul>','2017-02-01 02:00:00','2017-02-02 00:12:15',NULL),(39,7,'Modificações','<p>Resetado senha do site para Juliano, usado <em><a href=\"mailto:123@mudar\">123@mudar</a></em><a href=\"mailto:123@mudar\"></a>, e colocado para mudar quando acessar.</p>','2017-02-02 00:12:31','2017-02-02 00:19:21',NULL),(40,3,'Modificações','<p>Pesquisa sobre SSL para o camelo:</p>\r\n<ul>\r\n<li>Valores\r\n<ul>\r\n<li>Na hostgator: R$ 110,00</li>\r\n<li>Link:&nbsp;<a href=\"https://www.hostgator.com.br/formulario-ssl#atendimento-ao-cliente\">https://www.hostgator.com.br/formulario-ssl#atendimento-ao-cliente</a></li>\r\n</ul>\r\n</li>\r\n<li>Criado pasta testes para exemplificar mudan&ccedil;as.\r\n<ul>\r\n<li>Irei aplicar exemplos para testes</li>\r\n</ul>\r\n</li>\r\n</ul>','2017-02-02 13:10:31','2017-02-02 14:46:34','2017-02-02 14:46:34'),(41,8,'Modificações','<ul>\r\n<li>No <strong><em>/testes</em></strong>&nbsp;modificado o video de fundo (em anexo)</li>\r\n<li>Adicionado bot&atilde;o para tela de \"cloud\"</li>\r\n<li>Criado artigo cloud apenas com placeholder</li>\r\n</ul>','2017-02-02 14:43:53','2017-02-02 14:45:05',NULL),(42,8,'Modificações','<p>PESQUISA SOBRE SSL PARA O CAMELO:</p>\r\n<ul>\r\n<li>VALORES\r\n<ul>\r\n<li>NA HOSTGATOR: R$ 110,00</li>\r\n<li>LINK:&nbsp;<a href=\"https://www.hostgator.com.br/formulario-ssl#atendimento-ao-cliente\">HTTPS://WWW.HOSTGATOR.COM.BR/FORMULARIO-SSL#ATENDIMENTO-AO-CLIENTE</a></li>\r\n</ul>\r\n</li>\r\n<li>CRIADO PASTA TESTES PARA EXEMPLIFICAR MUDAN&Ccedil;AS.\r\n<ul>\r\n<li>IREI APLICAR EXEMPLOS PARA TESTES</li>\r\n</ul>\r\n</li>\r\n</ul>','2017-02-02 14:46:11','2017-02-02 14:46:23',NULL),(43,8,'Modificações','<p>Adicionado \"<em><strong>roi360a.com.br</strong></em>\" para block na lista de emails, a pedido do jo&atilde;o</p>','2017-02-02 16:17:22','2017-02-02 16:18:13',NULL),(44,8,'Modificações','<p>Enviado e-mail para Jo&atilde;o sobre o qeu foi feito, e as propostas.</p>','2017-02-02 16:18:16','2017-02-02 16:33:12',NULL),(45,11,'Modificações','<p>Sandra retornou fotos para adicionar ao trabalho</p>','2017-02-02 16:33:38','2017-02-02 16:34:00',NULL),(46,8,'Modificações','<p>Bloquear email de \"<em><strong>tecnecio.com.br</strong></em>\"&nbsp;\"<em><strong>22.izeecloud.com</strong></em>\"&nbsp;</p>','2017-02-02 17:02:45','2017-02-02 17:03:28',NULL),(47,3,'Modificações','<p>Modifiquei textos do login, conforme pedido na ultima reuni&atilde;o. Sobre o problema de reorganizar sozinho os produtos:</p>\r\n<ul>\r\n<li>Apenas acontece se o mouse estiver sobre um produto enquanto carrega a pagina</li>\r\n<li>O culpado &eacute; o arquivo \"/home/robbystore/public_html/templates/ja_megastore/js/isotope/isotope.pkgd.min.js\"</li>\r\n<li>O problema parece ter rela&ccedil;&atilde;o direta a extensiva modifica&ccedil;&atilde;o do template, particularmente ao tamanho do body</li>\r\n<li>O arquivo em quest&atilde;o tem mais de 10.000 linhas, e esta em loop.</li>\r\n<li>N&atilde;o &eacute; recomendavel modificar tal arquivo e sim recriar o template.</li>\r\n</ul>\r\n<p>&nbsp;</p>','2017-02-02 18:36:33','2017-02-02 18:42:02',NULL),(48,11,'Modificações','<p>Usado as fotos que foi enviado pela Sandra para adionar ao site, enviado postagens ao facebook, um por dia, sendo total de 4. Adicionado foto ao header.</p>','2017-02-02 19:55:02','2017-02-02 20:01:05',NULL),(49,40,'Reunião','<ul>\r\n<li>Falamos sobre o sistema e como faremos reuni&otilde;es semanais para desenvolver esta area no ERP.\r\n<ul>\r\n<li>&nbsp;Combinaremos um dia semanal para conversarmos sobre isto, e aplicar modifica&ccedil;&otilde;es no sistema</li>\r\n</ul>\r\n</li>\r\n<li>Comprei o quicken 2017 para ele, esta fazendo testes no mac atraves da VM</li>\r\n<li>Tambem pediu para eu ficar de olho no facebook do irm&atilde;o e sobrinhos atravez de provbas de gastos em tudo que for luxuoso</li>\r\n</ul>','2017-02-03 01:10:53','2017-02-03 14:15:01',NULL),(50,34,'Prospecção','<p>Passei com o Castanhro na Pizzaria, e Belquior ainda nao falou com os socios</p>','2017-02-03 02:00:00','2017-02-03 14:15:44',NULL),(51,7,'Reunião','<p>Eliane conversou comigo por whatsapp, segue conversa:</p>\r\n<blockquote>\r\n<p><br />[17:21, 1/2/2017]&nbsp;+55 16 99728-9868:&nbsp;Artur <br />[17:21, 1/2/2017]&nbsp;+55 16 99728-9868:&nbsp;Tudo certo pra hoje &agrave;s 17:30h <br />[17:21, 1/2/2017]&nbsp;Artur:&nbsp;Sim, daqui a pouco to l&aacute; <br />[17:23, 1/2/2017]&nbsp;+55 16 99728-9868:&nbsp;Ok <br />[17:23, 1/2/2017]&nbsp;+55 16 99728-9868:&nbsp;Daqui a pouco estarei l&aacute;. <br />[09:15, 2/2/2017]&nbsp;+55 16 99728-9868:&nbsp;Bom dia<br />Artur <br />[09:15, 2/2/2017]&nbsp;+55 16 99728-9868:&nbsp;Tudo bem? <br />[09:15, 2/2/2017]&nbsp;Artur:&nbsp;Bom dia Lia, como esta? <br />[09:16, 2/2/2017]&nbsp;+55 16 99728-9868:&nbsp;Artur o que voc&ecirc; achou d&aacute; conversa com o Juliano? <br />[09:16, 2/2/2017]&nbsp;+55 16 99728-9868:&nbsp;O que ele passou? <br />[09:16, 2/2/2017]&nbsp;Artur:&nbsp;Como assim? <br />[09:17, 2/2/2017]&nbsp;+55 16 99728-9868:&nbsp;Tudo que ele expos d&aacute; necessidade do site <br />[09:17, 2/2/2017]&nbsp;+55 16 99728-9868:&nbsp;Cadastro<br />Banco de dados<br />Gabinete on line? <br />[09:17, 2/2/2017]&nbsp;Artur:&nbsp;Voce diz, se d&aacute; para fazer, se &eacute; dificil? <br />[09:18, 2/2/2017]&nbsp;+55 16 99728-9868:&nbsp;Se &eacute; vi&aacute;vel.<br />De f&aacute;cil entendimento pr&oacute; p&uacute;blico <br />[09:18, 2/2/2017]&nbsp;+55 16 99728-9868:&nbsp;Ou dif&iacute;cil <br />[09:18, 2/2/2017]&nbsp;+55 16 99728-9868:&nbsp;De entender e comprender <br />[09:18, 2/2/2017]&nbsp;+55 16 99728-9868:&nbsp;De mexer <br />[09:19, 2/2/2017]&nbsp;+55 16 99728-9868:&nbsp;O que voc&ecirc; acha? <br />[09:20, 2/2/2017]&nbsp;+55 16 99728-9868:&nbsp;Dei corda pra ele se expor bastante <br />[09:20, 2/2/2017]&nbsp;+55 16 99728-9868:&nbsp;Mas a defini&ccedil;&atilde;o &eacute; nossa <br />[09:21, 2/2/2017]&nbsp;Artur:&nbsp;Lia, eu disse para ele varias vezes, ninguem gosta de ter que fazer cadastro, por isos que quando voce compra na internet, primeiro voce escolhe o que vai comprar apra depois fazer o cadastro.... nao existe nenhum site que fa&ccedil;a diferente.... imagina que voce tem que primeiro fazer o cart&atilde;o de uma loja para depois escolher o que vai comprar? Voce nem entra na loja....</p>\r\n<p>Mas ele quer que tenha varios e varios campos e ainda a pessoa tem que ir no email ativar tudo.... eu, pessoalmente, nem me daria ao trabalho apenas para reclamar de um buraco uma vez na vida.... (a lisandra mesmo ja disse que ela vai ter que ligar e confirmar os dados com a pessoa ent&atilde;o....)</p>\r\n<p>Mas &eacute; facil de fazer isso no site, <br />[09:23, 2/2/2017]&nbsp;+55 16 99728-9868:&nbsp;Minha proposta e do Elton &eacute; parecida com a d&aacute; Lizandra <br />[09:24, 2/2/2017]&nbsp;+55 16 99728-9868:&nbsp;N&atilde;o queremos dificultar a vida do eleitor e sim facilitar <br />[09:24, 2/2/2017]&nbsp;+55 16 99728-9868:&nbsp;Entende <br />[09:24, 2/2/2017]&nbsp;Artur:&nbsp;Sim, entendo <br />[09:25, 2/2/2017]&nbsp;+55 16 99728-9868:&nbsp;Mas achei bom ele te mostrar que assim voc&ecirc; tem uma ideia melhor do funcionamento do sistema <br />[09:26, 2/2/2017]&nbsp;+55 16 99728-9868:&nbsp;A Lizandra vai fazer contato com o funcion&aacute;rio d&aacute; c&acirc;mara e colocar voc&ecirc;s pra conversar <br />[09:26, 2/2/2017]&nbsp;+55 16 99728-9868:&nbsp;Sobre o que pode e o que n&atilde;o pode <br />[09:26, 2/2/2017]&nbsp;Artur:&nbsp;Ok, mas agora eu to um tanto confuso... eu fa&ccedil;o baseado no que voce e a lisandra me falaram ou no que o Juliano falou? <br />[09:27, 2/2/2017]&nbsp;+55 16 99728-9868:&nbsp;O J&uacute;liano passou a ideia dele &eacute; o funcionamento do sistema <br />[09:27, 2/2/2017]&nbsp;+55 16 99728-9868:&nbsp;Mas o Elton que facilidade <br />[09:28, 2/2/2017]&nbsp;+55 16 99728-9868:&nbsp;Entende <br />[09:28, 2/2/2017]&nbsp;Artur:&nbsp;Quer que junte tudo e fa&ccedil;a acontecer, ent&atilde;o? <br />[09:28, 2/2/2017]&nbsp;+55 16 99728-9868:&nbsp;Sim <br />[09:28, 2/2/2017]&nbsp;+55 16 99728-9868:&nbsp;De forma simples <br />[09:28, 2/2/2017]&nbsp;Artur:&nbsp;Ok, irei fazer <br />[09:28, 2/2/2017]&nbsp;Artur:&nbsp;Entendi... <br />[09:29, 2/2/2017]&nbsp;+55 16 99728-9868:&nbsp;&Oacute;timo <br />[09:29, 2/2/2017]&nbsp;+55 16 99728-9868:&nbsp;Obg <br />[09:29, 2/2/2017]&nbsp;+55 16 99728-9868:&nbsp;Abs <br />[09:29, 2/2/2017]&nbsp;Artur:&nbsp;Nada, abs <br />[21:42, 2/2/2017]&nbsp;+55 16 99728-9868:&nbsp;Arthur <br />[21:42, 2/2/2017]&nbsp;+55 16 99728-9868:&nbsp;T&aacute; dormindo? <br />[21:42, 2/2/2017]&nbsp;+55 16 99728-9868:&nbsp;Hahaha <br />[21:42, 2/2/2017]&nbsp;Artur:&nbsp;Ainda nao kk <br />[21:43, 2/2/2017]&nbsp;+55 16 99728-9868:&nbsp;T&ocirc; conversando com o vereador.<br />Kk <br />[21:43, 2/2/2017]&nbsp;Artur:&nbsp;Kk e ai? <br />[21:43, 2/2/2017]&nbsp;+55 16 99728-9868:&nbsp;Ele quer uma coisa bem simples mesmo <br />[21:43, 2/2/2017]&nbsp;Artur:&nbsp;Tudo bem, vou montar, e apresento <br />[21:43, 2/2/2017]&nbsp;+55 16 99728-9868:&nbsp;Nada complicado <br />[21:44, 2/2/2017]&nbsp;+55 16 99728-9868:&nbsp;Somente nome telefone pra contato email <br />[21:44, 2/2/2017]&nbsp;+55 16 99728-9868:&nbsp;Reclama&ccedil;&atilde;o<br />Sugest&atilde;o <br />[21:45, 2/2/2017]&nbsp;+55 16 99728-9868:&nbsp;Lugar pra anexar foto se tiver.<br />Ex : buraco. Ponte ca&iacute;da... Mato alto <br />[21:45, 2/2/2017]&nbsp;Artur:&nbsp;Ook <br />[21:46, 2/2/2017]&nbsp;+55 16 99728-9868:&nbsp;E assessoria entrar&aacute; em contato <br />[21:46, 2/2/2017]&nbsp;+55 16 99728-9868:&nbsp;Para indica&ccedil;&atilde;o <br />[21:46, 2/2/2017]&nbsp;Artur:&nbsp;Sem problemas <br />[21:46, 2/2/2017]&nbsp;+55 16 99728-9868:&nbsp;Ok <br />[21:46, 2/2/2017]&nbsp;+55 16 99728-9868:&nbsp;Obg <br />[21:46, 2/2/2017]&nbsp;+55 16 99728-9868:&nbsp;Boa noite <br />[21:47, 2/2/2017]&nbsp;Artur:&nbsp;Boa noite <br />[21:47, 2/2/2017]&nbsp;+55 16 99728-9868:&nbsp;Com nome de GABINETE ON LINE <br />[21:47, 2/2/2017]&nbsp;Artur:&nbsp;Ok</p>\r\n</blockquote>','2017-02-02 02:00:00','2017-02-03 14:16:32',NULL),(52,7,'Pesquisa','<p>Sobre os sites da <em>Thainara Faria&nbsp;</em> e&nbsp;<em>Jeferson Yashuda:</em></p>\r\n<ul>\r\n<li>Thainara\r\n<ul>\r\n<li>Nao localizei site propriamente dito, porem existe Facebook e um blog\r\n<ul>\r\n<li><a href=\"https://www.facebook.com/thainarafariaoficial/\">https://www.facebook.com/thainarafariaoficial/</a></li>\r\n<li><a href=\"https://avozdamorada.wordpress.com/\">https://avozdamorada.wordpress.com/</a></li>\r\n</ul>\r\n</li>\r\n<li>Sobre o facebook\r\n<ul>\r\n<li>Postagens diarias, mesmo sem conteudo</li>\r\n<li>Gosta de criar polemica.</li>\r\n<li>23 anos, causas sociais, gosta de ser apelativa e chamar a aten&ccedil;&atilde;o.</li>\r\n<li>Foto com crian&ccedil;as e mulheres</li>\r\n</ul>\r\n</li>\r\n<li>No blog:\r\n<ul>\r\n<li>Tenta imitar a aparencia de um jornal com colunas. Dificil leitura</li>\r\n<li>Foto do cabe&ccedil;alho bonita mas baixa qualidade</li>\r\n<li>Material de campanha ainda no ar</li>\r\n<li>Apenas materias de blog</li>\r\n</ul>\r\n</li>\r\n</ul>\r\n</li>\r\n<li>Jeferson\r\n<ul>\r\n<li>Site:&nbsp;<a href=\"http://www.yashuda.com.br/\">http://www.yashuda.com.br/</a></li>\r\n<li>Criado pela&nbsp;<a href=\"http://www.aquilas.com.br/\">http://www.aquilas.com.br/</a></li>\r\n<li>Sistema de cores dos menus, bot&otilde;es e site nao bate</li>\r\n<li>Slideshow muito grande,</li>\r\n<li>Blog de materias, qualidade e diagrama&ccedil;&atilde;o fraca.</li>\r\n<li>Outros links:&nbsp;<a href=\"http://www.multidrogasband.com.br/\">http://www.multidrogasband.com.br/</a></li>\r\n</ul>\r\n</li>\r\n</ul>','2017-02-03 14:24:54','2017-02-03 16:35:33',NULL),(53,7,'Modificações','<p>Modifica&ccedil;&otilde;es feitas no /testes:</p>\r\n<ul>\r\n<li>Tela inicial agora apresenta a biografia</li>\r\n<li>Removido HOME</li>\r\n<li>Reorganizado menu</li>\r\n<li>Adicionado campos no CRM de atendimentos\r\n<ul>\r\n<li>TIPO de documento</li>\r\n<li>NUMERO de documento</li>\r\n</ul>\r\n</li>\r\n</ul>','2017-02-03 19:56:52','2017-02-03 19:59:46',NULL),(54,7,'Atendimento','<p>Lisandra teve problemas com o cadastro, parece ser problema de cache</p>','2017-02-03 22:58:52','2017-02-03 22:59:22',NULL),(55,7,'Pesquisa','<p>Eliane entrou em contato segue conversa:</p>\r\n<blockquote>\r\n<p><br />[16:42, 3/2/2017]&nbsp;Artur:&nbsp;do macris? <br />[16:42, 3/2/2017]&nbsp;+55 16 99728-9868:&nbsp;Artur<br />Achei legal colocar na p&aacute;gina alguns Linksys importantes <br />[16:42, 3/2/2017]&nbsp;+55 16 99728-9868:&nbsp;Sim <br />[16:43, 3/2/2017]&nbsp;Artur:&nbsp;Ligal... a gente pode dar um pouco mais de destaque para isso, e colocar tambem na lateral de todas as paginas... <br />[16:43, 3/2/2017]&nbsp;+55 16 99728-9868:&nbsp;O que seria podcats? <br />[16:43, 3/2/2017]&nbsp;Artur:&nbsp;Sabe programa de radio em que as pessoas conversam sobre um assunto? Podcast &eacute; isso... mas a pessoa ouve quando quer.... <br />[16:43, 3/2/2017]&nbsp;+55 16 99728-9868:&nbsp;Tamb&eacute;m gostei <br />[16:44, 3/2/2017]&nbsp;+55 16 99728-9868:&nbsp;Olha a galeria de fotos fica passando v&aacute;rias fotinhas <br />[16:44, 3/2/2017]&nbsp;Artur:&nbsp;Sim... eu ja comecei a mexer, falta preparar o gabinete online, quase pronto... <br />[16:44, 3/2/2017]&nbsp;Artur:&nbsp;Sim, uma coisa menor, <br />[16:45, 3/2/2017]&nbsp;Artur:&nbsp;ok <br />[16:45, 3/2/2017]&nbsp;+55 16 99728-9868:&nbsp;A&iacute; a gente analisa <br />[16:45, 3/2/2017]&nbsp;Artur:&nbsp;Sim <br />[16:49, 3/2/2017]&nbsp;+55 16 99728-9868:&nbsp;Legal essa biografia <br />[16:50, 3/2/2017]&nbsp;Artur:&nbsp;A forma como ta feita, ou o texto em si? <br />[17:13, 3/2/2017]&nbsp;+55 16 99728-9868:&nbsp;Texto bem explicadinho <br />[17:13, 3/2/2017]&nbsp;+55 16 99728-9868:&nbsp;Cheio de detalhes <br />[17:14, 3/2/2017]&nbsp;+55 16 99728-9868:&nbsp;Mulher gosta disso <br />[17:14, 3/2/2017]&nbsp;+55 16 99728-9868:&nbsp;Detalhes <br />[17:14, 3/2/2017]&nbsp;+55 16 99728-9868:&nbsp;Kkkk <br />[17:14, 3/2/2017]&nbsp;Artur:&nbsp;kkkkk <br />[17:14, 3/2/2017]&nbsp;Artur:&nbsp;Texto e portugues nao &eacute; meu forte! <br />[17:14, 3/2/2017]&nbsp;+55 16 99728-9868:&nbsp;Te entrego pronto <br />[17:15, 3/2/2017]&nbsp;Artur:&nbsp;Ok, se quiser ja me mandar, ja levo na reuni&atilde;o <br />[17:15, 3/2/2017]&nbsp;+55 16 99728-9868:&nbsp;Blz <br />[17:49, 3/2/2017]&nbsp;Artur:&nbsp;Essa ideia e boa, da ate para enviar email para a pessoa falando que estamos usando a ideia <br />[17:51, 3/2/2017]&nbsp;+55 16 99728-9868:&nbsp;Gostei tamb&eacute;m <br />[19:09, 3/2/2017]&nbsp;Artur:&nbsp;Ficou legal, vou guardando as fotos aqui</p>\r\n</blockquote>','2017-02-03 23:23:54','2017-02-03 23:24:46',NULL),(56,7,'Modificações','<p>Criado o Gabinete Online no /testes</p>','2017-02-04 01:09:24','2017-02-04 01:09:49',NULL),(57,8,'Modificações','<p>Em e-mail, Jo&atilde;o autorizou a implanta&ccedil;&atilde;o das modifica&ccedil;&otilde;es do /testes para o site. Segue a conversa:</p>\r\n<blockquote>\r\n<p>Ol&aacute; Artur, bom dia</p>\r\n<p>Perd&atilde;o por n&atilde;o ter visto o seu e-mail antes.</p>\r\n<p>Correrria...</p>\r\n<p>Entendido....</p>\r\n<p>Pode subir essa melhoria que vc fez...</p>\r\n<p>Vamos nos falando... e vamos investir sim no marketing digital.</p>\r\n<p>Abs.</p>\r\n<p>Jo&atilde;o</p>\r\n<p>&nbsp;</p>\r\n<p><strong>De:</strong> Artur - WebGS [mailto:<a href=\"mailto:artur@webgs.com.br\">artur@webgs.com.br</a>] <br /><strong>Enviada em:</strong> quinta-feira, 2 de fevereiro de 2017 12:33<br /><strong>Para:</strong> Joao PP &lt;<a href=\"mailto:joao@camelo.com.br\">joao@camelo.com.br</a>&gt;<br /><strong>Assunto:</strong> Modifica&ccedil;&otilde;es do Site 02/02</p>\r\n</blockquote>','2017-02-04 14:34:39','2017-02-04 14:35:34',NULL),(58,7,'Atendimento','<p>Remarquei a reuni&atilde;o com Eliane, e ela me pediu o texto da biografia do elton do site, enviado via e -mail</p>','2017-02-06 12:58:45','2017-02-06 12:59:28',NULL),(59,7,'Atendimento','<p>Elisandra e Juliano entraram em contato</p>\r\n<ul>\r\n<li>Elisandra precisava zerar o cache do navegador</li>\r\n<li>Juliano precisava de nova senha</li>\r\n</ul>','2017-02-06 18:12:01','2017-02-06 18:12:34',NULL),(60,17,'Pesquisa','<p><span class=\"destaque destaque-danger\">Protocolo:<span id=\"viewns_Z7_2020I8S0J06N80AOVT6K7000C3_:ns_Z7_2020I8S0J06N80AOVT6K7000C3_j_id1742493474_67dc5761:ns_Z7_2020I8S0J06N80AOVT6K7000C3_j_id1742493474_67dc57be\"> PPA 89347980</span></span></p>\r\n<p><strong><span id=\"viewns_Z7_2020I8S0J06N80AOVT6K7000C3_:ns_Z7_2020I8S0J06N80AOVT6K7000C3_j_id1742493474_67dc5761:ns_Z7_2020I8S0J06N80AOVT6K7000C3_j_id1742493474_67dc57f2\">10/02/2017</span><span id=\"viewns_Z7_2020I8S0J06N80AOVT6K7000C3_:ns_Z7_2020I8S0J06N80AOVT6K7000C3_j_id1742493474_67dc5761:ns_Z7_2020I8S0J06N80AOVT6K7000C3_j_id1742493474_67dc57fd\"> </span><span id=\"viewns_Z7_2020I8S0J06N80AOVT6K7000C3_:ns_Z7_2020I8S0J06N80AOVT6K7000C3_j_id1742493474_67dc5761:ns_Z7_2020I8S0J06N80AOVT6K7000C3_j_id1742493474_67dc57cc\">11:00</span></strong> no <strong><span id=\"viewns_Z7_2020I8S0J06N80AOVT6K7000C3_:ns_Z7_2020I8S0J06N80AOVT6K7000C3_j_id1742493474_67dc5761:ns_Z7_2020I8S0J06N80AOVT6K7000C3_j_id1742493474_67dc57d7\">POUPATEMPO ARARAQUARA DETRAN</span></strong><br /><span id=\"viewns_Z7_2020I8S0J06N80AOVT6K7000C3_:ns_Z7_2020I8S0J06N80AOVT6K7000C3_j_id1742493474_67dc5761:ns_Z7_2020I8S0J06N80AOVT6K7000C3_j_id1742493474_67dc5626\">Av. Maria Antonia Camargo Oliveira, 261 &ndash; Jardim Nova Am&eacute;rica</span></p>\r\n<p>(comparecer com 15 minutos de anteced&ecirc;ncia)</p>','2017-02-08 14:39:54','2017-02-08 14:40:02',NULL),(61,41,'Prospecção','<p>Marca come&ccedil;ou em S&atilde;o Carlos, 2002 (?), links:</p>\r\n<ul>\r\n<li><a href=\"http://www.camiseteriasports.com.br/\">http://www.camiseteriasports.com.br/</a></li>\r\n<li><a href=\"https://www.facebook.com/CamiseteriaSports1/\">https://www.facebook.com/CamiseteriaSports1/</a></li>\r\n</ul>\r\n<p>Sobre o site:</p>\r\n<ul>\r\n<li>Trabalho antigo, nao est&aacute; atualizado, arte fraca e mal diagramado.</li>\r\n<li>Formulario de contato est&aacute; direcionando para:\r\n<ul>\r\n<li><a href=\"http://abadesign.com.br/\">http://abadesign.com.br/</a></li>\r\n<li>Nao existe esse site, e nem men&ccedil;&atilde;o no whois</li>\r\n</ul>\r\n</li>\r\n<li>Whois:&nbsp;\r\n<ul>\r\n<li><label>Titular:&nbsp;</label>RENATO PARRA CATARINA&nbsp;</li>\r\n<li><label>Documento:&nbsp;</label><a href=\"https://registro.br/2/whois?qr=946.458.418-15#lresp\">946.458.418-15</a></li>\r\n<li>&nbsp;<label>Contato:&nbsp;</label><a href=\"https://registro.br/2/whois#REPCA23\">REPCA23</a>&nbsp;</li>\r\n<li><label>Servidor DNS:&nbsp;</label><a href=\"https://registro.br/2/whois\" data-ng-click=\"ns0 = !ns0\">ns1.locaweb.com.br</a>&nbsp;</li>\r\n<li><label>Nome:&nbsp;</label>RENATO PARRA CATARINA</li>\r\n<li><label>Email:&nbsp;</label><a href=\"mailto:renatocatarina@gmail.com\">renatocatarina@gmail.com</a></li>\r\n</ul>\r\n</li>\r\n<li>Pagina \'Eventos\' eventos</li>\r\n</ul>\r\n<p>Sobre o facebook:</p>\r\n<ul>\r\n<li>Ficou varios meses sem atualiza&ccedil;&atilde;o, voltou recentemente</li>\r\n<li>Pouco conteudo, intera&ccedil;&atilde;o com usuarios baixa,</li>\r\n<li>nao tem feedback.</li>\r\n<li>Poucas curtidas e n&atilde;o aceita nenhuma avalia&ccedil;&atilde;o</li>\r\n</ul>\r\n<p>Recomenda&ccedil;&otilde;es:</p>\r\n<ul>\r\n<li>Necessario a reformula&ccedil;&atilde;o da pagina</li>\r\n<li>Investimento pesado em publicidade no facebook e google adword.</li>\r\n<li>Permitir avalia&ccedil;&otilde;es no facebook</li>\r\n</ul>','2017-02-08 15:38:32','2017-02-08 15:49:18',NULL),(62,39,'Atendimento','<p>Segue Conversa sobre um cliente no whatsapp:</p>\r\n<blockquote>\r\n<p><strong> <br /></strong>[13:18, 8/2/2017]&nbsp;Du Candreva:&nbsp;pro-consulteeng.com.br <br />[13:19, 8/2/2017]&nbsp;Du Candreva:&nbsp;1 - onde este site esta hospedado?<br />2 - Tem como tirar de l&aacute;?<br />3 - Site novo pre&ccedil;o?<br />4 - ele n&atilde;o esta recebendo os emails quando vc entra no site e faz o contato! <br />[14:28, 8/2/2017]&nbsp;Artur:&nbsp;VEndo <br />[14:32, 8/2/2017]&nbsp;Artur:&nbsp;1 - Locaweb, por um cara chamado Jesse Gabriel Stain, tem uma empresa aberta: CNPJ<br />14.807.519/0001-90<br />Nome fantasia<br />(Ausente)<br />Raz&atilde;o social<br />Tolsti - Solucoes Em Informatica Ltda - ME<br />mas o nome do dono da Pro-consulte Engenharia ta l&aacute; da para requerer direitos em caso extremo. <br />[14:32, 8/2/2017]&nbsp;Artur:&nbsp;2 - Da para tirar sim, seja conversando com o tal de Jesse, seja atravez de requerimento com a registro.br <br />[14:32, 8/2/2017]&nbsp;Artur:&nbsp;Site institucional, sem integra&ccedil;&atilde;o, 1.000 <br />[14:33, 8/2/2017]&nbsp;Artur:&nbsp;O site tem defeito, ta com problema no HTML, tem que mudar o site para receber email <br />[14:34, 8/2/2017]&nbsp;Du Candreva:&nbsp;JA TE FALO.. OCUPADO.. VALEU..</p>\r\n</blockquote>','2017-02-08 18:59:24','2017-02-08 19:00:58',NULL),(63,41,'Prospecção','<p>Email enviado:</p>\r\n<blockquote>\r\n<p>Bom dia Bernado,</p>\r\n<div>&nbsp;</div>\r\n<div>Me chamo Artur, e trabalho com desenvolvimento web, conversei na loja de Araraquara com a Mariana, ela me passou seu contato.</div>\r\n<div>&nbsp;</div>\r\n<div>Bernado, eu ando acompanhando a Caster pela internet a algum tempo, e levantei alguns pontos que podem ser melhorados para sua marca, irei descrever alguns deles aqui:</div>\r\n<div>\r\n<ul>\r\n<li>Seu site usa uma tecnologia e apar&ecirc;ncias antigas, &eacute; importante que isto seja melhorado o quanto antes, a apar&ecirc;ncia do seu site &eacute; a primeira vis&atilde;o que todos ter&atilde;o de sua loja e trabalho.</li>\r\n<li>Seu formul&aacute;rio de contato n&atilde;o funciona, quantos clientes voc&ecirc; ja perdeu por isto?</li>\r\n<li>O site da empresa que fez seu site ja n&atilde;o existe.</li>\r\n<li>O facebook da sua empresa n&atilde;o aceita a adi&ccedil;&atilde;o de notas e a quantidade de curtidas que voc&ecirc; possui &eacute; baixas.</li>\r\n</ul>\r\n<div>Isto tudo e um serio problema, pois deixa a imagem da sua marca desagradavel.</div>\r\n</div>\r\n<div>&nbsp;</div>\r\n<div>A parte boa &eacute; que n&atilde;o &eacute; t&atilde;o complicada arrumar isto. O que eu recomendo:</div>\r\n<div>\r\n<ul>\r\n<li>Configurar sua pagina no facebook, e fazer uma campanha boa e apelativa no facebook, com investimento de propaganda paga.</li>\r\n<li>Repetir o de cima porem no google.</li>\r\n<li>Aumentar a quantidade de intera&ccedil;&otilde;es com quem comenta e avalia sua pagina no facebook.</li>\r\n<li>Porem isto &eacute; indispens&aacute;vel ter um site novo, eficiente, e compat&iacute;vel com celulares.</li>\r\n<ul>\r\n<li>Para seu site, podemos ir do simples, que &eacute; apenas mostrando da sua marca, empresa e produtos, at&eacute; uma loja online, com aceita&ccedil;&atilde;o de artes para as camisas, e muito mais, varia de cliente a clinte.</li>\r\n<li>Quanto a pre&ccedil;o, varia da complexidade do site, posso passar um par&acirc;metro:&nbsp;</li>\r\n<li>Um site simples que apenas mostra informa&ccedil;&otilde;es e aceita que voc&ecirc; ou seus funcion&aacute;rios possam inserir textos e imagens ou videos sem complica&ccedil;&otilde;es: R$ 1.000,00</li>\r\n<li>Uma loja online complexa: R$ 2.500,00</li>\r\n<li>Mas &eacute; importante ressaltar: <strong><u>VARIA.</u></strong></li>\r\n</ul>\r\n</ul>\r\n<div>Bernardo, eu gostaria de sentar com voc&ecirc; e conversar dessas possibilidades, saber o que gostaria, falar de tempo para fazer, e poder te dar um pre&ccedil;o, para ent&atilde;o voc&ecirc; analisar a viabilidade, sem compromissos.</div>\r\n</div>\r\n<div>&nbsp;</div>\r\n<div>Para completar, vou passar alguns trabalhos que j&aacute; realizei, e ainda fa&ccedil;o para meus clientes:</div>\r\n<div>\r\n<ul>\r\n<li><a href=\"http://www.sylviolanches.com.br/\" target=\"_blank\" rel=\"noopener noreferrer\" data-saferedirecturl=\"https://www.google.com/url?hl=pt-BR&amp;q=http://www.sylviolanches.com.br&amp;source=gmail&amp;ust=1486663543199000&amp;usg=AFQjCNEmPos9noH9p9OE0N-MNu7QJVFD3w\">www.sylviolanches.com.br</a></li>\r\n<li><a href=\"http://www.camelo.com.br/\" target=\"_blank\" rel=\"noopener noreferrer\" data-saferedirecturl=\"https://www.google.com/url?hl=pt-BR&amp;q=http://www.camelo.com.br&amp;source=gmail&amp;ust=1486663543199000&amp;usg=AFQjCNF-0n10jl9RUSkIKqnjQK-Z9sb_Xw\">www.camelo.com.br</a></li>\r\n<li><a href=\"http://www.robbystore.com/\" target=\"_blank\" rel=\"noopener noreferrer\" data-saferedirecturl=\"https://www.google.com/url?hl=pt-BR&amp;q=http://www.robbystore.com&amp;source=gmail&amp;ust=1486663543199000&amp;usg=AFQjCNF0vVMZZMDmE-4bV1UHQlfpm02UJQ\">www.robbystore.com</a></li>\r\n</ul>\r\n<div>Apenas como exemplos.</div>\r\n</div>\r\n<div><br />No mais, fico no aguardo.<br /><br />Artur Sena, <a href=\"tel:(16)%2099616-0622\" target=\"_blank\" rel=\"noopener noreferrer\">16 99616-0622</a><br />Att;</div>\r\n</blockquote>','2017-02-08 20:09:22','2017-02-08 20:09:47',NULL),(64,42,'Prospecção','<p>Analise de site, facebok e linkedin:</p>\r\n<ul>\r\n<li>Whois\r\n<ul>\r\n<li><label>Titular:&nbsp;</label>Carlos Eduardo Pelegrini</li>\r\n<li>\r\n<div class=\"col-md-3\"><label>Documento:&nbsp;</label><a href=\"https://registro.br/2/whois?qr=220.062.618-51#lresp\">220.062.618-51</a></div>\r\n</li>\r\n<li>\r\n<div class=\"col-md-3\"><label>Contato do Titular:&nbsp;</label><a href=\"https://registro.br/2/whois#DIPRA4\">DIPRA4</a></div>\r\n<ul>\r\n<li>\r\n<div class=\"col-md-3\"><label>Nome:&nbsp;</label>Dieog Picoli Ramos</div>\r\n</li>\r\n<li>\r\n<div class=\"col-md-3\"><label>Email:&nbsp;</label><a href=\"mailto:diegoinpacto@gmail.com\">diegoinpacto@gmail.com</a></div>\r\n</li>\r\n</ul>\r\n</li>\r\n<li>\r\n<div class=\"col-md-3\"><label>Servidor DNS:&nbsp;</label><a href=\"https://registro.br/2/whois\" data-ng-click=\"ns0 = !ns0\">dns1.kinghost.com.br</a></div>\r\n</li>\r\n</ul>\r\n</li>\r\n<li>Site:&nbsp;<a href=\"http://www.ergocorp.com.br/\">http://www.ergocorp.com.br/</a>\r\n<ul>\r\n<li>Criado por volta de 2010, tecnologia ultrapassada</li>\r\n<li>Atualizado durante os anos com:\r\n<ul>\r\n<li>Chat</li>\r\n<li>Link para sistema na intranet</li>\r\n<li>Nenhuma informa&ccedil;&atilde;o no site do desenvolvedor</li>\r\n<li>N&atilde;o detectei uso de CMS</li>\r\n</ul>\r\n</li>\r\n<li>Usa Uplay:&nbsp;<a href=\"http://www.upwaycrm.com.br/\">http://www.upwaycrm.com.br/</a>\r\n<ul>\r\n<li>CRM online</li>\r\n</ul>\r\n</li>\r\n</ul>\r\n</li>\r\n<li>Facebook e Linkedin:\r\n<ul>\r\n<li>Publica&ccedil;&otilde;es diarias</li>\r\n<li>Arte razoavel</li>\r\n<li>Pouco publico</li>\r\n<li>Nao aceita avalia&ccedil;&otilde;es</li>\r\n</ul>\r\n</li>\r\n<li>Recomenda&ccedil;&otilde;es\r\n<ul>\r\n<li>Formula&ccedil;&atilde;o de nova aparencia para o site</li>\r\n<li>Configura&ccedil;&atilde;o e instru&ccedil;&atilde;o para uso efetivo do facebook e linkedin</li>\r\n<li></li>\r\n</ul>\r\n</li>\r\n</ul>','2017-02-09 13:30:58','2017-02-09 14:01:26',NULL),(65,7,'Atendimento','<p>No whatsapp, Eliane conversou comigo:</p>\r\n<blockquote>\r\n<p><br />[15:42, 10/2/2017]&nbsp;+55 16 99728-9868:&nbsp;Lia boa tarde <br />[15:42, 10/2/2017]&nbsp;+55 16 99728-9868:&nbsp;O sistema precisa de ajustes urgentes, n&atilde;o conseguimos cadastrar mensagens de atendimento, e existem outros pontos que precisamos da aten&ccedil;&atilde;o do Artur. <br />[15:42, 10/2/2017]&nbsp;+55 16 99728-9868:&nbsp;na foto acima mostra o atendimento que estou tentando cadastrar neste momento e no campo descri&ccedil;&atilde;o n&atilde;o cabe todo o descritivo do atendimento <br />[15:42, 10/2/2017]&nbsp;+55 16 99728-9868:&nbsp;Precisamos de um relat&oacute;rio de impress&atilde;o dos atendimentos. <br />[15:42, 10/2/2017]&nbsp;+55 16 99728-9868:&nbsp;Ok Juliano Vou marcar um hor&aacute;rio com Arthur e depois a gente j&aacute; conversa sobre isso obrigado <br />[15:42, 10/2/2017]&nbsp;+55 16 99728-9868:&nbsp;Boa tarde Artur <br />[15:43, 10/2/2017]&nbsp;+55 16 99728-9868:&nbsp;Voc&ecirc; pode nos ajudar? <br />[15:43, 10/2/2017]&nbsp;Artur:&nbsp;Claro! <br />[15:44, 10/2/2017]&nbsp;Artur:&nbsp;Quer marcar hj ja? <br />[15:45, 10/2/2017]&nbsp;+55 16 99728-9868:&nbsp;Hoje n&atilde;o d&aacute; <br />[15:45, 10/2/2017]&nbsp;+55 16 99728-9868:&nbsp;Segunda pode ser? <br />[15:45, 10/2/2017]&nbsp;Artur:&nbsp;Segunda eu tenho medico are as 18:30 <br />[15:46, 10/2/2017]&nbsp;Artur:&nbsp;Final de semana? <br />[15:47, 10/2/2017]&nbsp;+55 16 99728-9868:&nbsp;Um minuto <br />[15:47, 10/2/2017]&nbsp;+55 16 99728-9868:&nbsp;T&ocirc; no banco <br />[15:47, 10/2/2017]&nbsp;Artur:&nbsp;Ok <br />[15:48, 10/2/2017]&nbsp;+55 16 99728-9868:&nbsp;Depois a gente conversa</p>\r\n</blockquote>','2017-02-10 22:42:59','2017-02-10 22:44:09',NULL),(66,2,'Atendimento','<p>Tucci, perdeu o celular e comprou outro, tambem precisa rever seu antivirus, marcou um atendimento</p>','2017-02-10 22:44:14','2017-02-10 22:44:52',NULL),(67,3,'Atendimento','<p>A conta mercado pago do Renan esta bloqueada pela falta de uso de SSL, assim como ele ja havia me pergutnado sobre a atualiza&ccedil;&atilde;o do chrome requerindo tal, enviei o email explicando o que significa.</p>','2017-02-10 22:44:55','2017-02-10 22:49:59',NULL),(68,43,'Prospecção','<p>Possui facebook, e possuia site, est&aacute; fora, ultima altera&ccedil;&atilde;o no site em 2014.</p>\r\n<p>Facebook:</p>\r\n<ul>\r\n<li>A arte est&aacute; boa, provavelmente possui alguem contratado para gerar as artes e publica&ccedil;&otilde;es.</li>\r\n<li>A intera&ccedil;&atilde;o com os comentarios e clietnes est&aacute; fraca (ver anexo)</li>\r\n<li>Informa site nas descri&ccedil;&otilde;es, ja nao existe</li>\r\n</ul>\r\n<p>Recomenda&ccedil;&otilde;es:</p>\r\n<ul>\r\n<li>Remover ou criar o site.</li>\r\n<li>Readiquirir dns, criar pagina mesmo que informativa</li>\r\n<li>Aumentar intera&ccedil;&atilde;o com os comentarios no facebook</li>\r\n<li>Criar campanha no facebook</li>\r\n</ul>','2017-02-11 13:25:31','2017-02-11 13:45:13',NULL),(69,3,'Reunião','<ul>\r\n<li>remover limite de atendimento</li>\r\n<li>Botao de adicionar e editar no topo das telas</li>\r\n<li>Contato &gt; RG e CPF</li>\r\n<li>Adicinar ENDERECO quebrado no GABINETE</li>\r\n</ul>','2017-02-14 21:46:07','2017-02-14 22:15:44',NULL),(70,7,'Reunião','<p>Em whatsapp eEliane teve problemas para acessar o site do e-mail usando o IE conseguiu.</p>\r\n<p>Hoje em reuni&atilde;o na camara passaram novas modifica&ccedil;&otilde;es a fazer no sistema.</p>\r\n<ul>\r\n<li>remover limite de atendimento</li>\r\n<li>Botao de adicionar e editar no topo das telas</li>\r\n<li>Contato &gt; RG e CPF</li>\r\n<li>Adicinar ENDERECO quebrado no GABINETE</li>\r\n</ul>\r\n<p>Tambem fazer ficar na vers&atilde;o de produ&ccedil;&atilde;o</p>','2017-02-15 00:58:50','2017-02-15 01:04:50',NULL),(71,44,'Prospecção','<p>Atravez do grupo de facebook Joomla sem frescura ele perguntou por alguem para fazer migra&ccedil;&atilde;o de banco, entrei em contato e segue a conversa:</p>\r\n<blockquote>\r\n<div class=\"_4tdt _ua0\">\r\n<div class=\"_ua2\">\r\n<div class=\"_4tdv\">\r\n<div class=\"_5wd4 _1nc6 direction_ltr\">\r\n<div class=\"_h8t\">\r\n<div class=\"_5wd9\" data-tooltip-content=\"Segunda 10:39\" data-hover=\"tooltip\" data-tooltip-position=\"right\">\r\n<div class=\"_5wde _n4o\">\r\n<div class=\"_5w1r _3_om _5wdf\">\r\n<div class=\"_4gx_\">\r\n<div class=\"_d97\"><span class=\"_5yl5\">Ol&aacute; Rene, tudo bom?</span></div>\r\n</div>\r\n</div>\r\n</div>\r\n</div>\r\n</div>\r\n</div>\r\n</div>\r\n</div>\r\n</div>\r\n<div class=\"_4tdt _ua1\">\r\n<div class=\"_31o4\"><a class=\"_4tdw\" href=\"https://www.facebook.com/rene.sarli\" data-hover=\"tooltip\" data-tooltip-content=\"Rene Sarli Segunda 10:40\" data-tooltip-position=\"left\"><img class=\"img\" src=\"https://scontent.fcpq1-1.fna.fbcdn.net/v/t1.0-1/p32x32/13244618_10208493874118106_1336935718726907424_n.jpg?oh=596ccdaa54ef59b439fb81657e37c7c0&amp;oe=594A2B38\" alt=\"\" /></a></div>\r\n<div class=\"_ua2\">\r\n<div class=\"_4tdv\">\r\n<div class=\"_5wd4 _1nc7 direction_ltr _2cnu\">\r\n<div class=\"_h8t\">\r\n<div class=\"_5wd9\">\r\n<div class=\"_5wde _n4o\">\r\n<div class=\"_5w1r _3_om _5wdf\">\r\n<div class=\"_4gx_\">\r\n<div class=\"_d97\"><span class=\"_5yl5\">bom dia tudo bem</span></div>\r\n</div>\r\n</div>\r\n</div>\r\n</div>\r\n</div>\r\n</div>\r\n</div>\r\n</div>\r\n</div>\r\n<div class=\"_4tdt _ua0\">\r\n<div class=\"_ua2\">\r\n<div class=\"_4tdv\">\r\n<div class=\"_5wd4 _1nc6 direction_ltr\">\r\n<div class=\"_h8t\">\r\n<div class=\"_5wd9\" data-tooltip-content=\"Segunda 10:41\" data-hover=\"tooltip\" data-tooltip-position=\"right\">\r\n<div class=\"_5wde _n4o\">\r\n<div class=\"_5w1r _3_om _5wdf\">\r\n<div class=\"_4gx_\">\r\n<div class=\"_d97\"><span class=\"_5yl5\">Ent&atilde;o, vi sua publica&ccedil;&atilde;o, queria saber mais, para entender o tamanho e complexidado do trabalho</span></div>\r\n</div>\r\n</div>\r\n</div>\r\n</div>\r\n</div>\r\n</div>\r\n</div>\r\n</div>\r\n</div>\r\n<div class=\"_4tdt _ua1\">\r\n<div class=\"_31o4\"><a class=\"_4tdw\" href=\"https://www.facebook.com/rene.sarli\" data-hover=\"tooltip\" data-tooltip-content=\"Rene Sarli Segunda 10:42\" data-tooltip-position=\"left\"><img class=\"img\" src=\"https://scontent.fcpq1-1.fna.fbcdn.net/v/t1.0-1/p32x32/13244618_10208493874118106_1336935718726907424_n.jpg?oh=596ccdaa54ef59b439fb81657e37c7c0&amp;oe=594A2B38\" alt=\"\" /></a></div>\r\n<div class=\"_ua2\">\r\n<div class=\"_4tdv\">\r\n<div class=\"_5wd4 _1nc7 direction_ltr _2cnu\">\r\n<div class=\"_h8t\">\r\n<div class=\"_5wd9\">\r\n<div class=\"_5wde _n4o\">\r\n<div class=\"_5w1r _3_om _5wdf\">\r\n<div class=\"_4gx_\">\r\n<div class=\"_d97\"><span class=\"_5yl5\">tentarei te explicar em 2 partes</span></div>\r\n</div>\r\n</div>\r\n</div>\r\n</div>\r\n</div>\r\n</div>\r\n<div class=\"_5wd4 _1nc7 direction_ltr\">\r\n<div class=\"_h8t\">\r\n<div class=\"_5wd9\">\r\n<div class=\"_5wde _n4o\">\r\n<div class=\"_5w1r _3_om _5wdf\">\r\n<div class=\"_4gx_\">\r\n<div class=\"_d97\"><span class=\"_5yl5\">primeiro &eacute; migrar os usu&aacute;rios, cerca de 2000 talvez um pouco mais</span></div>\r\n</div>\r\n</div>\r\n</div>\r\n</div>\r\n</div>\r\n</div>\r\n<div class=\"_5wd4 _1nc7 direction_ltr _2cnu\">\r\n<div class=\"_h8t\">\r\n<div class=\"_5wd9\">\r\n<div class=\"_5wde _n4o\">\r\n<div class=\"_5w1r _3_om _5wdf\">\r\n<div class=\"_4gx_\">\r\n<div class=\"_d97\"><span class=\"_5yl5\">do j2.5 para oj3.0</span></div>\r\n</div>\r\n</div>\r\n</div>\r\n</div>\r\n</div>\r\n</div>\r\n<div class=\"_5wd4 _1nc7 direction_ltr\">\r\n<div class=\"_h8t\">\r\n<div class=\"_5wd9\">\r\n<div class=\"_5wde _n4o\">\r\n<div class=\"_5w1r _3_om _5wdf\">\r\n<div class=\"_4gx_\">\r\n<div class=\"_d97\"><span class=\"_5yl5\">&eacute; importante que o ID se mantenha o mesmo</span></div>\r\n</div>\r\n</div>\r\n</div>\r\n</div>\r\n</div>\r\n</div>\r\n</div>\r\n</div>\r\n</div>\r\n<div class=\"_4tdt _ua0\">\r\n<div class=\"_ua2\">\r\n<div class=\"_4tdv\">\r\n<div class=\"_5wd4 _1nc6 direction_ltr\">\r\n<div class=\"_h8t\">\r\n<div class=\"_5wd9\" data-tooltip-content=\"Segunda 10:42\" data-hover=\"tooltip\" data-tooltip-position=\"right\">\r\n<div class=\"_5wde _n4o\">\r\n<div class=\"_5w1r _3_om _5wdf\">\r\n<div class=\"_4gx_\">\r\n<div class=\"_d97\"><span class=\"_5yl5\">ok</span></div>\r\n</div>\r\n</div>\r\n</div>\r\n</div>\r\n</div>\r\n</div>\r\n</div>\r\n</div>\r\n</div>\r\n<div class=\"_4tdt _ua1\">\r\n<div class=\"_31o4\"><a class=\"_4tdw\" href=\"https://www.facebook.com/rene.sarli\" data-hover=\"tooltip\" data-tooltip-content=\"Rene Sarli Segunda 10:44\" data-tooltip-position=\"left\"><img class=\"img\" src=\"https://scontent.fcpq1-1.fna.fbcdn.net/v/t1.0-1/p32x32/13244618_10208493874118106_1336935718726907424_n.jpg?oh=596ccdaa54ef59b439fb81657e37c7c0&amp;oe=594A2B38\" alt=\"\" /></a></div>\r\n<div class=\"_ua2\">\r\n<div class=\"_4tdv\">\r\n<div class=\"_5wd4 _1nc7 direction_ltr\">\r\n<div class=\"_h8t\">\r\n<div class=\"_5wd9\">\r\n<div class=\"_5wde _n4o\">\r\n<div class=\"_5w1r _3_om _5wdf\">\r\n<div class=\"_4gx_\">\r\n<div class=\"_d97\"><span class=\"_5yl5\">no J2.5 existe um componente chamado ExtendReg, que expande o formul&atilde;rio de registro do usu&aacute;rio com v&aacute;rios campos extras</span></div>\r\n</div>\r\n</div>\r\n</div>\r\n</div>\r\n</div>\r\n</div>\r\n<div class=\"_5wd4 _1nc7 direction_ltr\">\r\n<div class=\"_h8t\">\r\n<div class=\"_5wd9\">\r\n<div class=\"_5wde _n4o\">\r\n<div class=\"_5w1r _3_om _5wdf\">\r\n<div class=\"_4gx_\">\r\n<div class=\"_d97\"><span class=\"_5yl5\">como ele foi descontinuado comprei o componente Membership Prp</span></div>\r\n</div>\r\n</div>\r\n</div>\r\n</div>\r\n</div>\r\n</div>\r\n<div class=\"_5wd4 _1nc7 direction_ltr\">\r\n<div class=\"_h8t\">\r\n<div class=\"_5wd9\">\r\n<div class=\"_5wde _n4o\">\r\n<div class=\"_5w1r _3_om _5wdf\">\r\n<div class=\"_4gx_\">\r\n<div class=\"_d97\"><span class=\"_5yl5\">o que eu preciso &eacute; migrar estes dados adicionais do ExtendReg para o Membership pro</span></div>\r\n</div>\r\n</div>\r\n</div>\r\n</div>\r\n</div>\r\n</div>\r\n</div>\r\n</div>\r\n</div>\r\n<div class=\"_4tdt _ua0\">\r\n<div class=\"_ua2\">\r\n<div class=\"_4tdv\">\r\n<div class=\"_5wd4 _1nc6 direction_ltr\">\r\n<div class=\"_h8t\">\r\n<div class=\"_5wd9\" data-tooltip-content=\"Segunda 10:45\" data-hover=\"tooltip\" data-tooltip-position=\"right\">\r\n<div class=\"_5wde _n4o\">\r\n<div class=\"_5w1r _3_om _5wdf\">\r\n<div class=\"_4gx_\">\r\n<div class=\"_d97\"><span class=\"_5yl5\">Entendi,</span></div>\r\n</div>\r\n</div>\r\n</div>\r\n</div>\r\n</div>\r\n</div>\r\n<div class=\"_5wd4 _1nc6 direction_ltr\">\r\n<div class=\"_h8t\">\r\n<div class=\"_5wd9\" data-tooltip-content=\"Segunda 10:45\" data-hover=\"tooltip\" data-tooltip-position=\"right\">\r\n<div class=\"_5wde _n4o\">\r\n<div class=\"_5w1r _3_om _5wdf\">\r\n<div class=\"_4gx_\">\r\n<div class=\"_d97\"><span class=\"_5yl5\">minha duvida, por que o id precisa se manter igual?</span></div>\r\n</div>\r\n</div>\r\n</div>\r\n</div>\r\n</div>\r\n</div>\r\n</div>\r\n</div>\r\n</div>\r\n<div class=\"_4tdt _ua1\">\r\n<div class=\"_31o4\"><a class=\"_4tdw\" href=\"https://www.facebook.com/rene.sarli\" data-hover=\"tooltip\" data-tooltip-content=\"Rene Sarli Segunda 10:45\" data-tooltip-position=\"left\"><img class=\"img\" src=\"https://scontent.fcpq1-1.fna.fbcdn.net/v/t1.0-1/p32x32/13244618_10208493874118106_1336935718726907424_n.jpg?oh=596ccdaa54ef59b439fb81657e37c7c0&amp;oe=594A2B38\" alt=\"\" /></a></div>\r\n<div class=\"_ua2\">\r\n<div class=\"_4tdv\">\r\n<div class=\"_5wd4 _1nc7 direction_ltr\">\r\n<div class=\"_h8t\">\r\n<div class=\"_5wd9\">\r\n<div class=\"_5wde _n4o\">\r\n<div class=\"_5w1r _3_om _5wdf\">\r\n<div class=\"_4gx_\">\r\n<div class=\"_d97\"><span class=\"_5yl5\">pq &eacute; uma federa&ccedil;&atilde;o, os usu&aacute;rios possuem uma carteirinha que o n&uacute;mero de cadastro deles &eacute; o mesmo do ID</span></div>\r\n</div>\r\n</div>\r\n</div>\r\n</div>\r\n</div>\r\n</div>\r\n</div>\r\n</div>\r\n</div>\r\n<div class=\"_4tdt _ua0\">\r\n<div class=\"_ua2\">\r\n<div class=\"_4tdv\">\r\n<div class=\"_5wd4 _1nc6 direction_ltr\">\r\n<div class=\"_h8t\">\r\n<div class=\"_5wd9\" data-tooltip-content=\"Segunda 10:46\" data-hover=\"tooltip\" data-tooltip-position=\"right\">\r\n<div class=\"_5wde _n4o\">\r\n<div class=\"_5w1r _3_om _5wdf\">\r\n<div class=\"_4gx_\">\r\n<div class=\"_d97\"><span class=\"_5yl5\">Ahhh entendi....</span></div>\r\n</div>\r\n</div>\r\n</div>\r\n</div>\r\n</div>\r\n</div>\r\n<div class=\"_5wd4 _1nc6 direction_ltr\">\r\n<div class=\"_h8t\">\r\n<div class=\"_5wd9\" data-tooltip-content=\"Segunda 10:46\" data-hover=\"tooltip\" data-tooltip-position=\"right\">\r\n<div class=\"_5wde _n4o\">\r\n<div class=\"_5w1r _3_om _5wdf\">\r\n<div class=\"_4gx_\">\r\n<div class=\"_d97\"><span class=\"_5yl5\">Certo,</span></div>\r\n</div>\r\n</div>\r\n</div>\r\n</div>\r\n</div>\r\n</div>\r\n<div class=\"_5wd4 _1nc6 direction_ltr\">\r\n<div class=\"_h8t\">\r\n<div class=\"_5wd9\" data-tooltip-content=\"Segunda 10:46\" data-hover=\"tooltip\" data-tooltip-position=\"right\">\r\n<div class=\"_5wde _n4o\">\r\n<div class=\"_5w1r _3_om _5wdf\">\r\n<div class=\"_4gx_\">\r\n<div class=\"_d97\"><span class=\"_5yl5\">cara, sinceramente, eu preciso ver o banco do seu site para te dar um pre&ccedil;o, e fazer as migra&ccedil;&otilde;es....</span></div>\r\n</div>\r\n</div>\r\n</div>\r\n</div>\r\n</div>\r\n</div>\r\n<div class=\"_5wd4 _1nc6 direction_ltr\">\r\n<div class=\"_h8t\">\r\n<div class=\"_5wd9\" data-tooltip-content=\"Segunda 10:48\" data-hover=\"tooltip\" data-tooltip-position=\"right\">\r\n<div class=\"_5wde _n4o\">\r\n<div class=\"_5w1r _3_om _5wdf\">\r\n<div class=\"_4gx_\">\r\n<div class=\"_d97\"><span class=\"_5yl5\">olha, para te dar uma no&ccedil;&atilde;o ai de como seria feito, primeiro eu tiro um akeeaba do seu site atual e fa&ccedil;o funcionar aqui,</span></div>\r\n</div>\r\n</div>\r\n</div>\r\n</div>\r\n</div>\r\n</div>\r\n<div class=\"_5wd4 _1nc6 direction_ltr\">\r\n<div class=\"_h8t\">\r\n<div class=\"_5wd9\" data-tooltip-content=\"Segunda 10:48\" data-hover=\"tooltip\" data-tooltip-position=\"right\">\r\n<div class=\"_5wde _n4o\">\r\n<div class=\"_5w1r _3_om _5wdf\">\r\n<div class=\"_4gx_\">\r\n<div class=\"_d97\"><span class=\"_5yl5\">na minha maquina para ver como esta o banco</span></div>\r\n</div>\r\n</div>\r\n</div>\r\n</div>\r\n</div>\r\n</div>\r\n<div class=\"_5wd4 _1nc6 direction_ltr\">\r\n<div class=\"_h8t\">\r\n<div class=\"_5wd9\" data-tooltip-content=\"Segunda 10:48\" data-hover=\"tooltip\" data-tooltip-position=\"right\">\r\n<div class=\"_5wde _n4o\">\r\n<div class=\"_5w1r _3_om _5wdf\">\r\n<div class=\"_4gx_\">\r\n<div class=\"_d97\"><span class=\"_5yl5\">qual a extrutura de dados, como ta sendo feito pelos componentes, e vejo como seria com as vers&otilde;es novas que voce disse.</span></div>\r\n</div>\r\n</div>\r\n</div>\r\n</div>\r\n</div>\r\n</div>\r\n<div class=\"_5wd4 _1nc6 direction_ltr\">\r\n<div class=\"_h8t\">\r\n<div class=\"_5wd9\" data-tooltip-content=\"Segunda 10:48\" data-hover=\"tooltip\" data-tooltip-position=\"right\">\r\n<div class=\"_5wde _n4o\">\r\n<div class=\"_5w1r _3_om _5wdf\">\r\n<div class=\"_4gx_\">\r\n<div class=\"_d97\"><span class=\"_5yl5\">Ai eu crio a migra&ccedil;&atilde;o e faz ela, e te rteinstalo atualizado.</span></div>\r\n</div>\r\n</div>\r\n</div>\r\n</div>\r\n</div>\r\n</div>\r\n<div class=\"_5wd4 _1nc6 direction_ltr\">\r\n<div class=\"_h8t\">\r\n<div class=\"_5wd9\" data-tooltip-content=\"Segunda 10:49\" data-hover=\"tooltip\" data-tooltip-position=\"right\">\r\n<div class=\"_5wde _n4o\">\r\n<div class=\"_5w1r _3_om _5wdf\">\r\n<div class=\"_4gx_\">\r\n<div class=\"_d97\"><span class=\"_5yl5\">Caso for tranquilo, nenhuma complica&ccedil;&atilde;o, e so dados simples de um para o outro, come&ccedil;amos em 200 reais.</span></div>\r\n</div>\r\n</div>\r\n</div>\r\n</div>\r\n</div>\r\n</div>\r\n<div class=\"_5wd4 _1nc6 direction_ltr\">\r\n<div class=\"_h8t\">\r\n<div class=\"_5wd9\" data-tooltip-content=\"Segunda 10:49\" data-hover=\"tooltip\" data-tooltip-position=\"right\">\r\n<div class=\"_5wde _n4o\">\r\n<div class=\"_5w1r _3_om _5wdf\">\r\n<div class=\"_4gx_\">\r\n<div class=\"_d97\"><span class=\"_5yl5\">Mas para te dar o pre&ccedil;o e falar quanto vai ficar sem varia&ccedil;&atilde;o preciso dar uma olhada.</span></div>\r\n</div>\r\n</div>\r\n</div>\r\n</div>\r\n</div>\r\n</div>\r\n</div>\r\n</div>\r\n</div>\r\n<div class=\"_4tdt _ua1\">\r\n<div class=\"_31o4\"><a class=\"_4tdw\" href=\"https://www.facebook.com/rene.sarli\" data-hover=\"tooltip\" data-tooltip-content=\"Rene Sarli Segunda 10:49\" data-tooltip-position=\"left\"><img class=\"img\" src=\"https://scontent.fcpq1-1.fna.fbcdn.net/v/t1.0-1/p32x32/13244618_10208493874118106_1336935718726907424_n.jpg?oh=596ccdaa54ef59b439fb81657e37c7c0&amp;oe=594A2B38\" alt=\"\" /></a></div>\r\n<div class=\"_ua2\">\r\n<div class=\"_4tdv\">\r\n<div class=\"_5wd4 _1nc7 direction_ltr _2cnu\">\r\n<div class=\"_h8t\">\r\n<div class=\"_5wd9\">\r\n<div class=\"_5wde _n4o\">\r\n<div class=\"_5w1r _3_om _5wdf\">\r\n<div class=\"_4gx_\">\r\n<div class=\"_d97\"><span class=\"_5yl5\">entendi</span></div>\r\n</div>\r\n</div>\r\n</div>\r\n</div>\r\n</div>\r\n</div>\r\n</div>\r\n</div>\r\n</div>\r\n<div class=\"_4tdt _ua0\">\r\n<div class=\"_ua2\">\r\n<div class=\"_4tdv\">\r\n<div class=\"_5wd4 _1nc6 direction_ltr\">\r\n<div class=\"_h8t\">\r\n<div class=\"_5wd9\" data-tooltip-content=\"Segunda 10:49\" data-hover=\"tooltip\" data-tooltip-position=\"right\">\r\n<div class=\"_5wde _n4o\">\r\n<div class=\"_5w1r _3_om _5wdf\">\r\n<div class=\"_4gx_\">\r\n<div class=\"_d97\"><span class=\"_5yl5\">pois nao conhe&ccedil;o essas duas ferramentas que voce comentou</span></div>\r\n</div>\r\n</div>\r\n</div>\r\n</div>\r\n</div>\r\n</div>\r\n</div>\r\n</div>\r\n</div>\r\n<div class=\"_4tdt _ua1\">\r\n<div class=\"_31o4\"><a class=\"_4tdw\" href=\"https://www.facebook.com/rene.sarli\" data-hover=\"tooltip\" data-tooltip-content=\"Rene Sarli Segunda 10:49\" data-tooltip-position=\"left\"><img class=\"img\" src=\"https://scontent.fcpq1-1.fna.fbcdn.net/v/t1.0-1/p32x32/13244618_10208493874118106_1336935718726907424_n.jpg?oh=596ccdaa54ef59b439fb81657e37c7c0&amp;oe=594A2B38\" alt=\"\" /></a></div>\r\n<div class=\"_ua2\">\r\n<div class=\"_4tdv\">\r\n<div class=\"_5wd4 _1nc7 direction_ltr\">\r\n<div class=\"_h8t\">\r\n<div class=\"_5wd9\">\r\n<div class=\"_5wde _n4o\">\r\n<div class=\"_5w1r _3_om _5wdf\">\r\n<div class=\"_4gx_\">\r\n<div class=\"_d97\"><span class=\"_5yl5\">esses s&atilde;o os campos extras s&oacute; pra vc ter uma no&ccedil;&atilde;o <a href=\"http://www.fpesp.com.br/filie-se\" target=\"_blank\" rel=\"nofollow noopener noreferrer\">http://www.fpesp.com.br/filie-se</a></span></div>\r\n</div>\r\n</div>\r\n</div>\r\n</div>\r\n</div>\r\n</div>\r\n</div>\r\n</div>\r\n</div>\r\n<div class=\"_4tdt _ua0\">\r\n<div class=\"_ua2\">\r\n<div class=\"_4tdv\">\r\n<div class=\"_5wd4 _1nc6 direction_ltr\">\r\n<div class=\"_h8t\">\r\n<div class=\"_5wd9\" data-tooltip-content=\"Segunda 10:50\" data-hover=\"tooltip\" data-tooltip-position=\"right\">\r\n<div class=\"_5wde _n4o\">\r\n<div class=\"_5w1r _3_om _5wdf\">\r\n<div class=\"_4gx_\">\r\n<div class=\"_d97\"><span class=\"_5yl5\">N&atilde;o &eacute; um formulario pequeno...</span></div>\r\n</div>\r\n</div>\r\n</div>\r\n</div>\r\n</div>\r\n</div>\r\n<div class=\"_5wd4 _1nc6 direction_ltr\">\r\n<div class=\"_h8t\">\r\n<div class=\"_5wd9\" data-tooltip-content=\"Segunda 10:50\" data-hover=\"tooltip\" data-tooltip-position=\"right\">\r\n<div class=\"_5wde _n4o\">\r\n<div class=\"_5w1r _3_om _5wdf\">\r\n<div class=\"_4gx_\">\r\n<div class=\"_d97\"><span class=\"_5yl5\">voc&ecirc; se importa de me deixar ter uma copia do site para analsiar?</span></div>\r\n</div>\r\n</div>\r\n</div>\r\n</div>\r\n</div>\r\n</div>\r\n</div>\r\n</div>\r\n</div>\r\n<div class=\"_4tdt _ua1\">\r\n<div class=\"_31o4\"><a class=\"_4tdw\" href=\"https://www.facebook.com/rene.sarli\" data-hover=\"tooltip\" data-tooltip-content=\"Rene Sarli Segunda 10:51\" data-tooltip-position=\"left\"><img class=\"img\" src=\"https://scontent.fcpq1-1.fna.fbcdn.net/v/t1.0-1/p32x32/13244618_10208493874118106_1336935718726907424_n.jpg?oh=596ccdaa54ef59b439fb81657e37c7c0&amp;oe=594A2B38\" alt=\"\" /></a></div>\r\n<div class=\"_ua2\">\r\n<div class=\"_4tdv\">\r\n<div class=\"_5wd4 _1nc7 direction_ltr\">\r\n<div class=\"_h8t\">\r\n<div class=\"_5wd9\">\r\n<div class=\"_5wde _n4o\">\r\n<div class=\"_5w1r _3_om _5wdf\">\r\n<div class=\"_4gx_\">\r\n<div class=\"_d97\"><span class=\"_5yl5\">deixa s&oacute; eu ver como fazer, pois queria abrir o banco somente com quem for fazer o trabalho</span></div>\r\n</div>\r\n</div>\r\n</div>\r\n</div>\r\n</div>\r\n</div>\r\n<div class=\"_5wd4 _1nc7 direction_ltr _2cnu\">\r\n<div class=\"_h8t\">\r\n<div class=\"_5wd9\">\r\n<div class=\"_5wde _n4o\">\r\n<div class=\"_5w1r _3_om _5wdf\">\r\n<div class=\"_4gx_\">\r\n<div class=\"_d97\"><span class=\"_5yl5\">a&iacute; preciso dar uma analisada</span></div>\r\n</div>\r\n</div>\r\n</div>\r\n</div>\r\n</div>\r\n</div>\r\n</div>\r\n</div>\r\n</div>\r\n<div class=\"_4tdt _ua0\">\r\n<div class=\"_ua2\">\r\n<div class=\"_4tdv\">\r\n<div class=\"_5wd4 _1nc6 direction_ltr\">\r\n<div class=\"_h8t\">\r\n<div class=\"_5wd9\" data-tooltip-content=\"Segunda 10:52\" data-hover=\"tooltip\" data-tooltip-position=\"right\">\r\n<div class=\"_5wde _n4o\">\r\n<div class=\"_5w1r _3_om _5wdf\">\r\n<div class=\"_4gx_\">\r\n<div class=\"_d97\"><span class=\"_5yl5\">Voce tambem trabalha com isso certo? Faz assim, cria uma copia do site, apaga todo os usuarios</span></div>\r\n</div>\r\n</div>\r\n</div>\r\n</div>\r\n</div>\r\n</div>\r\n<div class=\"_5wd4 _1nc6 direction_ltr\">\r\n<div class=\"_h8t\">\r\n<div class=\"_5wd9\" data-tooltip-content=\"Segunda 10:52\" data-hover=\"tooltip\" data-tooltip-position=\"right\">\r\n<div class=\"_5wde _n4o\">\r\n<div class=\"_5w1r _3_om _5wdf\">\r\n<div class=\"_4gx_\">\r\n<div class=\"_d97\"><span class=\"_5yl5\">E deixa apenas um falso</span></div>\r\n</div>\r\n</div>\r\n</div>\r\n</div>\r\n</div>\r\n</div>\r\n<div class=\"_5wd4 _1nc6 direction_ltr\">\r\n<div class=\"_h8t\">\r\n<div class=\"_5wd9\" data-tooltip-content=\"Segunda 10:52\" data-hover=\"tooltip\" data-tooltip-position=\"right\">\r\n<div class=\"_5wde _n4o\">\r\n<div class=\"_5w1r _3_om _5wdf\">\r\n<div class=\"_4gx_\">\r\n<div class=\"_d97\"><span class=\"_5yl5\">e me passa o pacote.</span></div>\r\n</div>\r\n</div>\r\n</div>\r\n</div>\r\n</div>\r\n</div>\r\n</div>\r\n</div>\r\n</div>\r\n<div class=\"_4tdt _ua1\">\r\n<div class=\"_31o4\"><a class=\"_4tdw\" href=\"https://www.facebook.com/rene.sarli\" data-hover=\"tooltip\" data-tooltip-content=\"Rene Sarli Segunda 10:52\" data-tooltip-position=\"left\"><img class=\"img\" src=\"https://scontent.fcpq1-1.fna.fbcdn.net/v/t1.0-1/p32x32/13244618_10208493874118106_1336935718726907424_n.jpg?oh=596ccdaa54ef59b439fb81657e37c7c0&amp;oe=594A2B38\" alt=\"\" /></a></div>\r\n<div class=\"_ua2\">\r\n<div class=\"_4tdv\">\r\n<div class=\"_5wd4 _1nc7 direction_ltr _2cnu\">\r\n<div class=\"_h8t\">\r\n<div class=\"_5wd9\">\r\n<div class=\"_5wde _n4o\">\r\n<div class=\"_5w1r _3_om _5wdf\">\r\n<div class=\"_4gx_\">\r\n<div class=\"_d97\"><span class=\"_5yl5\">certo</span></div>\r\n</div>\r\n</div>\r\n</div>\r\n</div>\r\n</div>\r\n</div>\r\n</div>\r\n</div>\r\n</div>\r\n<div class=\"_4tdt _ua0\">\r\n<div class=\"_ua2\">\r\n<div class=\"_4tdv\">\r\n<div class=\"_5wd4 _1nc6 direction_ltr\">\r\n<div class=\"_h8t\">\r\n<div class=\"_5wd9\" data-tooltip-content=\"Segunda 10:52\" data-hover=\"tooltip\" data-tooltip-position=\"right\">\r\n<div class=\"_5wde _n4o\">\r\n<div class=\"_5w1r _3_om _5wdf\">\r\n<div class=\"_4gx_\">\r\n<div class=\"_d97\"><span class=\"_5yl5\">acho que assim voce protege a propriedade...</span></div>\r\n</div>\r\n</div>\r\n</div>\r\n</div>\r\n</div>\r\n</div>\r\n</div>\r\n</div>\r\n</div>\r\n<div class=\"_4tdt _ua1\">\r\n<div class=\"_31o4\"><a class=\"_4tdw\" href=\"https://www.facebook.com/rene.sarli\" data-hover=\"tooltip\" data-tooltip-content=\"Rene Sarli Segunda 10:53\" data-tooltip-position=\"left\"><img class=\"img\" src=\"https://scontent.fcpq1-1.fna.fbcdn.net/v/t1.0-1/p32x32/13244618_10208493874118106_1336935718726907424_n.jpg?oh=596ccdaa54ef59b439fb81657e37c7c0&amp;oe=594A2B38\" alt=\"\" /></a></div>\r\n<div class=\"_ua2\">\r\n<div class=\"_4tdv\">\r\n<div class=\"_5wd4 _1nc7 direction_ltr _2cnu\">\r\n<div class=\"_h8t\">\r\n<div class=\"_5wd9\">\r\n<div class=\"_5wde _n4o\">\r\n<div class=\"_5w1r _3_om _5wdf\">\r\n<div class=\"_4gx_\">\r\n<div class=\"_d97\"><span class=\"_5yl5\">vc quer o site antigo e o novo</span></div>\r\n</div>\r\n</div>\r\n</div>\r\n</div>\r\n</div>\r\n</div>\r\n</div>\r\n</div>\r\n</div>\r\n<div class=\"_4tdt _ua0\">\r\n<div class=\"_ua2\">\r\n<div class=\"_4tdv\">\r\n<div class=\"_5wd4 _1nc6 direction_ltr\">\r\n<div class=\"_h8t\">\r\n<div class=\"_5wd9\" data-tooltip-content=\"Segunda 10:53\" data-hover=\"tooltip\" data-tooltip-position=\"right\">\r\n<div class=\"_5wde _n4o\">\r\n<div class=\"_5w1r _3_om _5wdf\">\r\n<div class=\"_4gx_\">\r\n<div class=\"_d97\"><span class=\"_5yl5\">de preferencia</span></div>\r\n</div>\r\n</div>\r\n</div>\r\n</div>\r\n</div>\r\n</div>\r\n<div class=\"_5wd4 _1nc6 direction_ltr\">\r\n<div class=\"_h8t\">\r\n<div id=\"js_1k\" class=\"_5wd9\" data-tooltip-content=\"Segunda 10:53\" data-hover=\"tooltip\" data-tooltip-position=\"right\">\r\n<div class=\"_5wde _n4o\">\r\n<div class=\"_5w1r _3_om _5wdf\">\r\n<div class=\"_4gx_\">\r\n<div class=\"_d97\"><span class=\"_5yl5\">ja que voce ja tem o novo, &eacute; melhor</span></div>\r\n</div>\r\n</div>\r\n</div>\r\n</div>\r\n</div>\r\n</div>\r\n</div>\r\n</div>\r\n</div>\r\n<div class=\"_4tdt _ua1\">\r\n<div class=\"_31o4\"><a class=\"_4tdw\" href=\"https://www.facebook.com/rene.sarli\" data-hover=\"tooltip\" data-tooltip-content=\"Rene Sarli Segunda 11:17\" data-tooltip-position=\"left\"><img class=\"img\" src=\"https://scontent.fcpq1-1.fna.fbcdn.net/v/t1.0-1/p32x32/13244618_10208493874118106_1336935718726907424_n.jpg?oh=596ccdaa54ef59b439fb81657e37c7c0&amp;oe=594A2B38\" alt=\"\" /></a></div>\r\n<div class=\"_ua2\">\r\n<div class=\"_4tdv\">\r\n<div class=\"_5wd4 _1nc7 direction_ltr\">\r\n<div class=\"_h8t\">\r\n<div class=\"_5wd9\">\r\n<div class=\"_5wde _n4o\">\r\n<div class=\"_5w1r _3_om _5wdf\">\r\n<div class=\"_4gx_\">\r\n<div class=\"_d97\"><span class=\"_5yl5\">vc acha que ficaria na m&eacute;dia de 200,00</span></div>\r\n</div>\r\n</div>\r\n</div>\r\n</div>\r\n</div>\r\n</div>\r\n</div>\r\n</div>\r\n</div>\r\n<div class=\"_4tdt _ua0\">\r\n<div class=\"_ua2\">\r\n<div class=\"_4tdv\">\r\n<div class=\"_5wd4 _1nc6 direction_ltr\">\r\n<div class=\"_h8t\">\r\n<div id=\"js_1j\" class=\"_5wd9\" data-tooltip-content=\"Segunda 11:21\" data-hover=\"tooltip\" data-tooltip-position=\"right\">\r\n<div class=\"_5wde _n4o\">\r\n<div class=\"_5w1r _3_om _5wdf\">\r\n<div class=\"_4gx_\">\r\n<div class=\"_d97\"><span class=\"_5yl5\">Nao... ficaria no minimo 200, e pode aumentar de acordo com a complexidade</span></div>\r\n</div>\r\n</div>\r\n</div>\r\n</div>\r\n</div>\r\n</div>\r\n</div>\r\n</div>\r\n</div>\r\n</blockquote>','2017-02-15 01:08:40','2017-02-15 01:11:10',NULL),(72,45,'Atendimento','<p>Edem ligou hoje pedindo para ver o que acontece no site, depois de testes, consulta percebi:</p>\r\n<ul>\r\n<li>o site foi modificado ano passado</li>\r\n<li>um modulo de criptografia para arquivos php foi instalado</li>\r\n<li>isto esta deixando o site extremamente lento e o servidor carregado</li>\r\n<li>parece ter sido invas&atilde;o.</li>\r\n<li><strong>para resolver sera necessario usar um backup</strong></li>\r\n</ul>','2017-02-15 01:15:02','2017-02-15 01:17:13',NULL),(73,7,'Modificações','<p>Conforme as reuni&otilde;es e testes, segue altera&ccedil;&otilde;es feitas hoje no site de produ&ccedil;&atilde;o:</p>\r\n<ul>\r\n<li>Menu\r\n<ul>\r\n<li>Adicionado ICONE nas op&otilde;es</li>\r\n<li>a HOME agora &eacute; a biografia</li>\r\n<li>NOVO CONTATO agora nao &eacute; mais submenu</li>\r\n</ul>\r\n</li>\r\n<li>Modulos da BIOGRAFIA\r\n<ul>\r\n<li>Removido \"Araraquara apoia Elton\"</li>\r\n<li>Removido modulo de videos do facebook</li>\r\n<li>Removido widget do PSDB</li>\r\n<li>Adicionado no FOOTER-A: Horario de atendimento, local e telefones uteis do site da prefeitura</li>\r\n</ul>\r\n</li>\r\n<li>Cadastro de CONTATOS:\r\n<ul>\r\n<li>Criado campo DOCUMENTOS (RG e CPF)</li>\r\n<li>Reorganizado layout dos campos</li>\r\n</ul>\r\n</li>\r\n<li>Modulo de ATENDIMENTOS:\r\n<ul>\r\n<li>Na lista:\r\n<ul>\r\n<li>Adicionado bot&atilde;o para imprimir lista</li>\r\n</ul>\r\n</li>\r\n<li>Novo:\r\n<ul>\r\n<li>Adicionado campo \"tipo de documento\"</li>\r\n<li>Adicionado campo \"numero de documento\"</li>\r\n</ul>\r\n</li>\r\n</ul>\r\n</li>\r\n<li>No tema geral:\r\n<ul>\r\n<li>Removido Header</li>\r\n<li>Readicionado logo</li>\r\n</ul>\r\n</li>\r\n</ul>','2017-02-15 15:11:52','2017-02-15 15:21:11',NULL),(74,7,'Modificações','<p>no site de produ&ccedil;&atilde;o:</p>\r\n<ul>\r\n<li>Lista de Atendimentos:\r\n<ul>\r\n<li>Busca por tipo de documentos</li>\r\n<li>busca por numero de documentos</li>\r\n<li>bot&atilde;o de detalhes de documentos</li>\r\n</ul>\r\n</li>\r\n</ul>','2017-02-15 15:39:50','2017-02-15 15:42:46',NULL),(75,7,'Modificações','<p>Requisitado pela equipe atravez da eliane, fazer estas telas (em anexo) sem incluir EXCLUIR e ALTERAR</p>','2017-02-16 00:31:40','2017-02-16 00:32:19',NULL),(76,7,'Atendimento','<p>Pro whatsapp Eliane pediu para fazer um campo no CRM para cadastro e busca por CPF segue conversa:</p>\r\n<blockquote>\r\n<p>[15:27, 16/2/2017] +55 16 99728-9868: Arthur <br />[15:29, 16/2/2017]&nbsp;+55 16 99728-9868:&nbsp;Precisamos filtrar o banco de dados pra n&atilde;o cadastrar em duplicidade <br />[15:29, 16/2/2017]&nbsp;Artur:&nbsp;Ok, como quer que eu fa&ccedil;a? <br />[15:30, 16/2/2017]&nbsp;+55 16 99728-9868:&nbsp;Um exemplo outro dia cadastrei uma pessoa que ja tinha sido cadastrada pela Lisandra., como n&atilde;o temos como corrigir e o sistema n&atilde;o avisa que j&aacute; existe um cadastro ficaram duas vezes cadsstrado... <br />[15:30, 16/2/2017]&nbsp;+55 16 99728-9868:&nbsp;Como sistema n&atilde;o informa <br />[15:30, 16/2/2017]&nbsp;+55 16 99728-9868:&nbsp;Eu consulto o nome da ppessoa para ver se tem cadastro <br />[15:30, 16/2/2017]&nbsp;+55 16 99728-9868:&nbsp;a forma de avisar &eacute; simples <br />[15:30, 16/2/2017]&nbsp;+55 16 99728-9868:&nbsp;precisamos ter um identificador &uacute;nico para cada pessoa, no caso o CPF <br />[15:30, 16/2/2017]&nbsp;+55 16 99728-9868:&nbsp;ai resolve-se <br />[15:30, 16/2/2017]&nbsp;+55 16 99728-9868:&nbsp;sempre buscar e filtrar por cpf <br />[15:30, 16/2/2017]&nbsp;+55 16 99728-9868:&nbsp;&eacute; melhor pr&aacute;tica , o que todo sistema utiliza. <br />[15:30, 16/2/2017]&nbsp;+55 16 99728-9868:&nbsp;continua fora do padr&atilde;o que necessitamos <br />[15:30, 16/2/2017]&nbsp;+55 16 99728-9868:&nbsp;precisamos se um campo cujo nome do campo seja CPF <br />[15:30, 16/2/2017]&nbsp;+55 16 99728-9868:&nbsp;e que esse campo aceite somente um CPF v&aacute;lido. <br />[15:30, 16/2/2017]&nbsp;+55 16 99728-9868:&nbsp;a Lisandra est&aacute; fazendo um cadastro neste momento <br />[15:30, 16/2/2017]&nbsp;+55 16 99728-9868:&nbsp;e apontou essa inconsist&ecirc;ncia <br />[15:30, 16/2/2017]&nbsp;+55 16 99728-9868:&nbsp;Precisa ficar mais simples e mais pr&aacute;tico <br />[15:30, 16/2/2017]&nbsp;+55 16 99728-9868:&nbsp;Tem alguma ideia <br />[15:32, 16/2/2017]&nbsp;Artur:&nbsp;Realmente eles tem que pesquisar para ver se ap essoa nao esta cadastrada, &eacute; normal, se voce quiser que eu fa&ccedil;a um aviso para ver se ja foi cadastrado, &eacute; possivel, so que leva tempo. <br />[15:32, 16/2/2017]&nbsp;Artur:&nbsp;O mais rapido e facil &eacute; eles conferirem na busca se a pessoa ja ta cadastrada, usando um documento. <br />[15:32, 16/2/2017]&nbsp;Artur:&nbsp;Seja CPF ou RG <br />[15:33, 16/2/2017]&nbsp;+55 16 99728-9868:&nbsp;Sim <br />[15:33, 16/2/2017]&nbsp;+55 16 99728-9868:&nbsp;Qdo cadastrar o CPF ele avisar <br />[15:33, 16/2/2017]&nbsp;+55 16 99728-9868:&nbsp;Ou RG <br />[15:33, 16/2/2017]&nbsp;Artur:&nbsp;Nao. <br />[15:33, 16/2/2017]&nbsp;Artur:&nbsp;Espera, acho qeu nao deixei claro. <br />[15:34, 16/2/2017]&nbsp;Artur:&nbsp;Tem duas formas. <br />[15:34, 16/2/2017]&nbsp;Artur:&nbsp;1 - Eles cadastram CPF ou RG de todos os contatos. <br />[15:34, 16/2/2017]&nbsp;Artur:&nbsp;E SEMPRE buscam o CPF antes de cadastrar alguem. <br />[15:34, 16/2/2017]&nbsp;Artur:&nbsp;Rapido e facil de fazer, vai ao ar ainda hj. <br />[15:34, 16/2/2017]&nbsp;Artur:&nbsp;2 - Eles cadastram o CPF ou RG de todo mundo e o sitema faz essa checagem toda vez que cadastrar alguem novo <br />[15:34, 16/2/2017]&nbsp;Artur:&nbsp;Demoro para fazer isso e nao tem prazo para entregar. <br />[15:35, 16/2/2017]&nbsp;Artur:&nbsp;O ideial seria, fazer o 1, para eles poderem trabalahr, e deixar eu fazer o 2. <br />[15:35, 16/2/2017]&nbsp;+55 16 99728-9868:&nbsp;Sim <br />[15:36, 16/2/2017]&nbsp;+55 16 99728-9868:&nbsp;O dois seria ato tempo? <br />[15:36, 16/2/2017]&nbsp;+55 16 99728-9868:&nbsp;Qto <br />[15:36, 16/2/2017]&nbsp;Artur:&nbsp;Sinceramente, lia, eu nao sei quanto tempo eu demoro para fazer isso, tenho que tentar antes de dar um prazo, talvez hoje ainda consiga, talvez 1 mes.... <br />[15:37, 16/2/2017]&nbsp;+55 16 99728-9868:&nbsp;Ent&atilde;o faz o 1.<br />E come&ccedil;a a fazer o 2.<br />Pode ser? <br />[15:37, 16/2/2017]&nbsp;Artur:&nbsp;Perfeito! <br />[15:37, 16/2/2017]&nbsp;Artur:&nbsp;Falou com eles dos textos para todas as paginas? <br />[15:38, 16/2/2017]&nbsp;+55 16 99728-9868:&nbsp;Vou avisa_los <br />[15:38, 16/2/2017]&nbsp;Artur:&nbsp;Brigado :) <br />[15:38, 16/2/2017]&nbsp;+55 16 99728-9868:&nbsp;Estou fazendo</p>\r\n</blockquote>','2017-02-16 19:40:02','2017-02-16 19:41:01',NULL),(77,7,'Modificações','<ul>\r\n<li>Modificado campo DOCUMENTO em CONTATOS para aceitar CPF</li>\r\n<li>Criada valida&ccedil;&atilde;o para conferir DUPLICIDADE de CPF no cadastro</li>\r\n</ul>','2017-02-17 01:33:41','2017-02-17 01:34:23',NULL),(78,45,'Modificações','<p>Procedimentos realizados no site para atualiza&ccedil;&atilde;o</p>\r\n<ol>\r\n<li>Recuperado BKP INVADIDO</li>\r\n<li>Apagado todas as pastas exceto\r\n<ol>\r\n<li>Images</li>\r\n<li>Arquivo CONFIGURATION</li>\r\n</ol>\r\n</li>\r\n<li>Devovido zip do BKP de NOVENBRO DE 2015</li>\r\n<li>Atualizado joomla p&aacute;ra 3.6.5</li>\r\n<li>Executado fix de banco e atualizado pkgs</li>\r\n</ol>\r\n<p>Foi encontrado problemas na hospedagem.</p>\r\n<ul>\r\n<li>Necessario liberar&nbsp;CSPRNG no PLESK, ver link:&nbsp;<a href=\"https://tech.enekochan.com/en/2016/06/04/fix-no-suitable-csprng-installed-system-plesk/\">https://tech.enekochan.com/en/2016/06/04/fix-no-suitable-csprng-installed-system-plesk/</a></li>\r\n<li>Arquivo do F2C precisa ser verificado erro:\r\n<ul>\r\n<li><code><strong>Notice</strong>: Undefined index: REF in<strong>/var/www/vhosts/imoveispan.com.br/httpdocs/tmp/fd4a6d194d4c107af7766ab72b8ec8fef7fd8fca.file.intro_imoveis.tpl.php</strong>on line <strong>40</strong><br /><br /><strong>Notice</strong>: Trying to get property of non-object in<strong>/var/www/vhosts/imoveispan.com.br/httpdocs/tmp/fd4a6d194d4c107af7766ab72b8ec8fef7fd8fca.file.intro_imoveis.tpl.php</strong>on line <strong>40</strong></code><code></code></li>\r\n</ul>\r\n</li>\r\n</ul>','2017-02-17 03:36:55','2017-02-17 03:40:09',NULL),(79,45,'Atendimento','<p>Entrei em cotnato com a Techs, para falar com o Mairon Ronzedo, porem nao cosnegui efalei com o Alexandre, pedi para me darem retoro e dei uma leve explica&ccedil;&atilde;o sobre o problema.</p>','2017-02-17 13:59:57','2017-02-17 14:00:55',NULL),(80,45,'Atendimento','<p>Conversei com o Mairon, via celular, ele me retornou.<br />Setado na hospedagem da Pan o php 5.6 e configurado o plesk.</p>','2017-02-17 14:12:56','2017-02-17 14:13:37',NULL),(81,45,'Modificações','<p>Ultimas modifica&ccedil;&otilde;es realizadas:</p>\r\n<ul>\r\n<li>Arrumado template file do Form2Content</li>\r\n<li>Removido, reinstalado e configurado o SocialBackLinks</li>\r\n<li>Trocado senha e usuario do banco de dados</li>\r\n<li>Resincronizado todos os imoveis</li>\r\n<li>Atualizado akeeba</li>\r\n<li>Feito backup e donwload do mesmo</li>\r\n</ul>','2017-02-17 16:58:10','2017-02-17 17:00:22',NULL);
/*!40000 ALTER TABLE `atendimentos` ENABLE KEYS */;
UNLOCK TABLES;

--
-- Table structure for table `attachments`
--

DROP TABLE IF EXISTS `attachments`;
CREATE TABLE `attachments` (
  `id` int(10) unsigned NOT NULL AUTO_INCREMENT,
  `attachmentable_id` int(11) NOT NULL,
  `attachmentable_type` varchar(255) NOT NULL,
  `path` varchar(255) NOT NULL,
  `name` varchar(255) NOT NULL,
  `deleted_at` timestamp NULL DEFAULT NULL,
  `created_at` timestamp NULL DEFAULT NULL,
  `updated_at` timestamp NULL DEFAULT NULL,
  `contatos_id` int(11) DEFAULT NULL,
  PRIMARY KEY (`id`)
)  AUTO_INCREMENT=131;

--
-- Dumping data for table `attachments`
--

LOCK TABLES `attachments` WRITE;
/*!40000 ALTER TABLE `attachments` DISABLE KEYS */;
INSERT INTO `attachments` VALUES (1,2,'App\\Contatos','public/b8f6df2abf251eac2d2e5607adc7625d.jpeg','Area C2',NULL,'2016-12-24 13:35:33','2016-12-24 13:35:33',NULL),(2,2,'App\\Contatos','public/6c960232a3fc93f42d5a124e044325c2.jpeg','Sitio Salvador',NULL,'2016-12-24 13:36:17','2016-12-24 13:36:17',NULL),(3,18,'App\\Contatos','public/6d4ecf8e5edb2b0790bdcf5fd5463892.jpeg','Cartão',NULL,'2016-12-24 13:36:57','2016-12-24 13:36:57',NULL),(4,7,'App\\Contatos','public/98f2a11a47dfd903d15e3d62692d68eb.jpeg','Cartão',NULL,'2016-12-24 13:37:16','2016-12-24 13:37:16',NULL),(5,15,'App\\Contatos','public/aae440079c83deddf0792368ac3994c2.jpeg','Cartão',NULL,'2016-12-24 13:37:45','2016-12-24 13:37:45',NULL),(6,16,'App\\Contatos','public/5cce503c4dd2121d98cef07bd71dbd22.jpeg','Cartão',NULL,'2016-12-24 13:38:06','2016-12-24 13:38:06',NULL),(7,8,'App\\Atendimento','public/6c960232a3fc93f42d5a124e044325c2.jpeg','Impressão da area',NULL,'2016-12-24 13:39:55','2016-12-24 13:39:55',NULL),(8,9,'App\\Atendimento','public/b8f6df2abf251eac2d2e5607adc7625d.jpeg','Impressão da area',NULL,'2016-12-24 13:41:21','2016-12-24 13:41:21',NULL),(9,6,'App\\Atendimento','public/116db3539e169ca45aa3aac620043ad1.jpeg','Anotações deives',NULL,'2016-12-24 13:42:16','2016-12-24 13:42:16',NULL),(10,6,'App\\Atendimento','public/cd89197d5cf42808afae294bbc7baa9f.jpeg','Anotações Artur',NULL,'2016-12-24 13:42:33','2016-12-24 13:42:33',NULL),(11,17,'App\\Contatos','public/033c773bffa3a1c47a7f46741340245d.jpeg','Titulo Eleitoral','2016-12-25 18:02:22','2016-12-24 13:43:59','2016-12-25 18:02:22',NULL),(12,20,'App\\Contatos','public/ebf0f77b743e1f8016f148d173a86586.jpeg','Recibo 08/16',NULL,'2016-12-24 13:45:57','2016-12-24 13:45:57',NULL),(13,21,'App\\Contatos','public/d387f6738cfb2c9bed9d0e07251a3e13.jpeg','Recibo de Entrega Fogao',NULL,'2016-12-24 13:47:40','2016-12-24 13:47:40',NULL),(14,17,'App\\Contatos','public/05586475ad317ebed244b7bc8b7122bd.jpeg','Certidão de Nascimento',NULL,'2016-12-24 13:48:23','2016-12-24 13:48:23',NULL),(15,22,'App\\Contatos','public/379a254c5bec42719d469bc6469cfc78.jpeg','NF-e Bike Moto',NULL,'2016-12-24 13:51:07','2016-12-24 13:51:07',NULL),(16,23,'App\\Contatos','public/0c1850524b461368f944b332877e74f9.jpeg','NF-e 4 Camisas',NULL,'2016-12-24 13:53:54','2016-12-24 13:53:54',NULL),(17,25,'App\\Contatos','public/aaea94124d45d3ddbeea3a998fa27608.jpeg','NF-e Garantia Cel 1-2',NULL,'2016-12-24 13:55:35','2016-12-24 13:55:35',NULL),(18,25,'App\\Contatos','public/cac9617c8522593c360ec2ffe8f0fa56.jpeg','NF-e Garantia Cel 2-2',NULL,'2016-12-24 13:55:52','2016-12-24 13:55:52',NULL),(19,9,'App\\Contatos','public/cc7e3838cc868fae1f91a79898123068.jpeg','Salario 12/16',NULL,'2016-12-24 13:57:01','2016-12-24 13:57:01',NULL),(20,9,'App\\Contatos','public/44e14b7b6b1a72fb6cc3471237c35fb9.jpeg','13 Segunda parcela 2016',NULL,'2016-12-24 13:58:56','2016-12-24 13:58:56',NULL),(21,9,'App\\Contatos','public/6b1599d96f20fdec775f20d5f29576fe.jpeg','Recibo 01/2016',NULL,'2016-12-24 13:59:24','2016-12-24 13:59:24',NULL),(22,9,'App\\Contatos','public/cc7e3838cc868fae1f91a79898123068.jpeg','Salario 01/16',NULL,'2016-12-24 14:00:17','2016-12-24 14:00:17',NULL),(23,9,'App\\Contatos','public/621659ce18c0000da7ccca98e7fee82b.jpeg','Salario 04/16',NULL,'2016-12-24 14:01:29','2016-12-24 14:01:29',NULL),(24,9,'App\\Contatos','public/7385e52bdb10533fdd50fc39aec270db.jpeg','Salario 06/16',NULL,'2016-12-24 14:01:58','2016-12-24 14:01:58',NULL),(25,9,'App\\Contatos','public/00cae843070ec8ba22f01de84acbe7e6.jpeg','Salario 11/15',NULL,'2016-12-24 14:02:18','2016-12-24 14:02:18',NULL),(26,9,'App\\Contatos','public/7385e52bdb10533fdd50fc39aec270db.jpeg','Salrio 06/2015',NULL,'2016-12-24 14:02:47','2016-12-24 14:02:47',NULL),(27,9,'App\\Contatos','public/16096accb61cd5244e3a7fd972d567a2.jpeg','Recibo 05/16',NULL,'2016-12-24 14:03:03','2016-12-24 14:03:03',NULL),(28,17,'App\\Contatos','public/033c773bffa3a1c47a7f46741340245d.jpeg','Titulo Eleitoral',NULL,'2016-12-25 18:02:14','2016-12-25 18:02:14',NULL),(29,17,'App\\Contatos','public/d5e862981d110d623f4e09e7bd4ea7a1.jpeg','Carta de Motorista ',NULL,'2016-12-25 18:03:04','2016-12-25 18:03:04',NULL),(30,17,'App\\Contatos','public/6708eab8979777e0498f88b5ee8728c1.jpeg','PoupCard Bradesco Debito',NULL,'2016-12-25 18:03:29','2016-12-25 18:03:29',NULL),(31,17,'App\\Contatos','public/44070c20a89a01a88c981f2835671811.jpeg','Documento GOL 1.6 (Sem transferir)',NULL,'2016-12-25 18:03:55','2016-12-25 18:03:55',NULL),(32,17,'App\\Contatos','public/1c27aa43ac1d4b45c463ee13aeca00ff.jpeg','RG',NULL,'2016-12-25 18:04:07','2016-12-25 18:04:07',NULL),(33,17,'App\\Contatos','public/3b39b33b398e53b69e93905d163c6ead.jpeg','Carta de Militar',NULL,'2016-12-25 18:04:35','2016-12-25 18:04:35',NULL),(34,17,'App\\Contatos','public/c61046b09c5540bba42c4b973a210b8d.jpeg','Carteira de Estudante Uniara 1-2',NULL,'2016-12-25 18:04:52','2016-12-25 18:04:52',NULL),(35,17,'App\\Contatos','public/ae2a17923cc9ec762bcb934c9df3a976.jpeg','Carteira de Estudante Uniara 2-2',NULL,'2016-12-25 18:05:10','2016-12-25 18:05:10',NULL),(36,17,'App\\Contatos','public/9879db8716684525eb13d005a10bd5d1.jpeg','PoupCard Bradesco Debito 2/2',NULL,'2016-12-25 18:05:34','2016-12-25 18:05:34',NULL),(37,17,'App\\Contatos','public/59bed97c4d9a2a42a262c0b170abd5d2.jpeg','CPF',NULL,'2016-12-25 18:05:59','2016-12-25 18:05:59',NULL),(38,10,'App\\Contatos','public/82ee16a88d6fa12d2da9bd4f81d0aeeb.jpeg','Cartão Mapfre Asegurado',NULL,'2016-12-25 18:10:09','2016-12-25 18:10:09',NULL),(39,11,'App\\Contatos','public/c33aa679ee804342650f78f34edd56c5.jpeg','Cartão',NULL,'2016-12-25 18:40:26','2016-12-25 18:40:26',NULL),(40,27,'App\\Contatos','public/d87d58317177d410db31ff5994ec31e7.jpeg','Cartão',NULL,'2016-12-25 18:41:11','2016-12-25 18:41:11',NULL),(41,3,'App\\Contatos','public/e72613dedbbf793f54de9fab5efc5783.jpeg','Cartão',NULL,'2016-12-25 18:41:59','2016-12-25 18:41:59',NULL),(42,26,'App\\Contatos','public/b4eaca35c397c4347da136c824b12496.jpeg','Cartão',NULL,'2016-12-25 18:44:15','2016-12-25 18:44:15',NULL),(43,13,'App\\Contatos','public/085220cadf22eedca80804d6c901aefc.jpeg','Cartão',NULL,'2016-12-25 18:44:54','2016-12-25 18:44:54',NULL),(44,20,'App\\Contatos','public/1b865ad75c01328d2acc51a26110680a.jpeg','Recibo 09/16','2016-12-25 18:46:29','2016-12-25 18:45:58','2016-12-25 18:46:29',NULL),(45,20,'App\\Contatos','public/ccee325d03f0f4e4c3db3baaf1f6eec4.jpeg','Recibo 12/16',NULL,'2016-12-25 18:46:20','2016-12-25 18:46:20',NULL),(46,20,'App\\Contatos','public/1b865ad75c01328d2acc51a26110680a.jpeg','Recibo 11/16',NULL,'2016-12-25 18:46:47','2016-12-25 18:46:47',NULL),(47,14,'App\\Atendimento','public/0b8ab21b46214f51a70bf0c483798e1b.jpeg','Tela de Tutoriais',NULL,'2016-12-30 13:33:23','2016-12-30 13:33:23',NULL),(48,33,'App\\Atendimento','public/951b19b7554f57355a8e79013d008c94.png','Mudar Frete (Exemplo 1)',NULL,'2017-01-26 16:06:33','2017-01-26 16:06:33',3),(49,33,'App\\Atendimento','public/f0fcc15f76444150bcfdeeb54142c56a.png','Mudar Frete (Exemplo 2)',NULL,'2017-01-26 16:07:09','2017-01-26 16:07:09',3),(50,1,'App\\Contatos','public/9ad76a9a2fbd488eaa579af2ab38251d.png','LOGO',NULL,'2017-01-27 22:11:58','2017-01-27 22:11:58',1),(51,17,'App\\Contatos','public/a2c1486de67ec41ad2a27410308c48ab.png','g','2017-02-02 15:20:50','2017-02-02 15:20:46','2017-02-02 15:20:50',17),(52,1,'App\\Contatos','public/a2c1486de67ec41ad2a27410308c48ab.png','a','2017-02-05 17:25:53','2017-02-02 15:29:34','2017-02-05 17:25:53',1),(53,1,'App\\Contatos','public/a2c1486de67ec41ad2a27410308c48ab.png','a','2017-02-05 17:25:55','2017-02-02 15:31:48','2017-02-05 17:25:55',1),(54,1,'App\\Contatos','public/a2c1486de67ec41ad2a27410308c48ab.png','a','2017-02-05 17:25:56','2017-02-02 15:32:00','2017-02-05 17:25:56',1),(55,1,'App\\Contatos','public/a2c1486de67ec41ad2a27410308c48ab.png','g','2017-02-05 17:26:01','2017-02-02 15:32:36','2017-02-05 17:26:01',11),(56,1,'App\\Contatos','public/a2c1486de67ec41ad2a27410308c48ab.png','qwe','2017-02-05 17:27:24','2017-02-02 15:32:54','2017-02-05 17:27:24',11),(57,1,'App\\Atendimentos','public/a2c1486de67ec41ad2a27410308c48ab.png','Recibo 11/16',NULL,'2017-02-02 15:35:14','2017-02-02 15:35:14',11),(58,1,'App\\Atendimento','public/a2c1486de67ec41ad2a27410308c48ab.png','fd','2017-02-02 15:35:34','2017-02-02 15:35:30','2017-02-02 15:35:34',11),(59,42,'App\\Atendimento','public/89a3800884891cebced1760589f2221d.mp4','Video Cloud Timelapse Lowest','2017-02-02 15:47:00','2017-02-02 15:35:51','2017-02-02 15:47:00',8),(60,42,'App\\Atendimento','public/89a3800884891cebced1760589f2221d.mp4','Rrr','2017-02-02 15:55:09','2017-02-02 15:51:23','2017-02-02 15:55:09',8),(61,42,'App\\Atendimento','public/89a3800884891cebced1760589f2221d.mp4','Rrr','2017-02-02 15:55:15','2017-02-02 15:51:35','2017-02-02 15:55:15',8),(62,42,'App\\Atendimento','public/89a3800884891cebced1760589f2221d.mp4','Rrr','2017-02-02 15:55:24','2017-02-02 15:54:38','2017-02-02 15:55:24',8),(63,42,'App\\Atendimento','public/89a3800884891cebced1760589f2221d.mp4','Rrr','2017-02-02 15:55:19','2017-02-02 15:54:48','2017-02-02 15:55:19',8),(64,42,'App\\Atendimento','public/89a3800884891cebced1760589f2221d.mp4','qweqwe','2017-02-02 16:03:59','2017-02-02 15:55:52','2017-02-02 16:03:59',8),(65,42,'App\\Atendimento','public/89a3800884891cebced1760589f2221d.mp4','qweqwe','2017-02-02 16:04:03','2017-02-02 15:58:01','2017-02-02 16:04:03',8),(66,42,'App\\Atendimento','public/89a3800884891cebced1760589f2221d.mp4','123123123','2017-02-02 16:04:07','2017-02-02 16:02:17','2017-02-02 16:04:07',8),(67,42,'App\\Atendimento','public/89a3800884891cebced1760589f2221d.mp4','123123123','2017-02-02 16:04:10','2017-02-02 16:02:52','2017-02-02 16:04:10',8),(68,8,'App\\Contatos','public/89a3800884891cebced1760589f2221d.mp4','AaaaAA','2017-02-02 16:12:16','2017-02-02 16:04:19','2017-02-02 16:12:16',8),(69,32,'App\\Atendimento','public/89a3800884891cebced1760589f2221d.mp4','AAAAAAAAAAAAA','2017-02-02 16:05:59','2017-02-02 16:04:36','2017-02-02 16:05:59',35),(70,32,'App\\Atendimento','public/89a3800884891cebced1760589f2221d.mp4','AAAAAAAAAAAAA','2017-02-02 16:06:00','2017-02-02 16:05:03','2017-02-02 16:06:00',35),(71,32,'App\\Atendimento','public/89a3800884891cebced1760589f2221d.mp4','AAAAAAAAAAAAA','2017-02-02 16:06:00','2017-02-02 16:05:16','2017-02-02 16:06:00',35),(72,32,'App\\Atendimento','public/89a3800884891cebced1760589f2221d.mp4','FFFFF','2017-02-02 16:06:36','2017-02-02 16:06:05','2017-02-02 16:06:36',35),(73,32,'App\\Atendimento','public/89a3800884891cebced1760589f2221d.mp4','wwww',NULL,'2017-02-02 16:06:44','2017-02-02 16:06:44',35),(74,32,'App\\Atendimento','public/89a3800884891cebced1760589f2221d.mp4','wwww',NULL,'2017-02-02 16:07:04','2017-02-02 16:07:04',35),(75,32,'App\\Atendimento','public/89a3800884891cebced1760589f2221d.mp4','wwww',NULL,'2017-02-02 16:07:20','2017-02-02 16:07:20',35),(76,32,'App\\Atendimento','public/89a3800884891cebced1760589f2221d.mp4','wwww',NULL,'2017-02-02 16:10:04','2017-02-02 16:10:04',35),(77,32,'App\\Atendimento','public/89a3800884891cebced1760589f2221d.mp4','wwww',NULL,'2017-02-02 16:11:12','2017-02-02 16:11:12',35),(78,42,'App\\Atendimento','public/89a3800884891cebced1760589f2221d.mp4','123123','2017-02-02 16:12:20','2017-02-02 16:11:52','2017-02-02 16:12:20',8),(79,1,'App\\Atendimento','public/89a3800884891cebced1760589f2221d.mp4','TestE','2017-02-02 16:17:18','2017-02-02 16:13:32','2017-02-02 16:17:18',11),(80,48,'App\\Atendimento','public/f4a4c83d576a99458cb4c51e2c2200c0.png','Geladeiras Site Header ',NULL,'2017-02-02 20:01:26','2017-02-02 20:01:26',11),(81,48,'App\\Atendimento','public/693cfa8ea6ef27c0d89f89d3aaeb9615.jpeg','Skoll com Fundo de Cozinha',NULL,'2017-02-02 20:02:17','2017-02-02 20:02:17',11),(82,48,'App\\Atendimento','public/5cceec038e2085a6deb2818aa6943e6c.png','Frigobar Branco sem Fundo',NULL,'2017-02-02 20:02:31','2017-02-02 20:02:31',11),(83,48,'App\\Atendimento','public/6211e71dbac1033c35849930812ee866.jpeg','Harley fundo de Madeira',NULL,'2017-02-02 20:02:55','2017-02-02 20:02:55',11),(84,48,'App\\Atendimento','public/8e9854afd5c6d019d1c6266f44ccb3a7.jpeg','Pinguim com Fundo de Cozinha',NULL,'2017-02-02 20:03:21','2017-02-02 20:03:21',11),(85,55,'App\\Atendimento','public/36629c30630463d4d1d631a068d0806b.jpeg','Exemplo whatsapp Eliane 001',NULL,'2017-02-03 23:25:11','2017-02-03 23:25:11',7),(86,55,'App\\Atendimento','public/e3cfa7c8d9ceb5d7fa62292a6fca0cdc.jpeg','Exemplo whatsapp Eliane 002',NULL,'2017-02-03 23:25:24','2017-02-03 23:25:24',7),(87,55,'App\\Atendimento','public/bfc7df91cf4f3582611aa9ac1376ebcc.jpeg','Exemplo whatsapp Eliane 003',NULL,'2017-02-03 23:25:44','2017-02-03 23:25:44',7),(88,55,'App\\Atendimento','public/5c755e258ad0fe11b5ca967470a1fa0d.jpeg','Exemplo whatsapp Eliane 004',NULL,'2017-02-03 23:26:06','2017-02-03 23:26:06',7),(89,55,'App\\Atendimento','public/ba17a7832a8c6645034848e7a9fcb387.jpeg','Exemplo whatsapp Eliane 005',NULL,'2017-02-03 23:26:20','2017-02-03 23:26:20',7),(90,55,'App\\Atendimento','public/acc056a43cdae70065a60bf1e365723a.jpeg','Exemplo whatsapp Eliane 006',NULL,'2017-02-03 23:26:45','2017-02-03 23:26:45',7),(91,1,'App\\Contatos','public/3eb967b151b6edb87c5fac6657c6202e.jpeg','a','2017-02-05 19:19:25','2017-02-05 17:59:06','2017-02-05 19:19:25',1),(92,1,'App\\Contatos','public/dbdac7adca287c7b8c1215639eafaa19.jpeg','E','2017-02-05 19:19:27','2017-02-05 18:58:22','2017-02-05 19:19:27',1),(93,1,'App\\Contatos','public/dbdac7adca287c7b8c1215639eafaa19.jpeg','222','2017-02-05 19:19:16','2017-02-05 19:09:48','2017-02-05 19:19:16',1),(94,1,'App\\Contatos','public/dbdac7adca287c7b8c1215639eafaa19.jpeg','Aaa','2017-02-05 19:19:16','2017-02-05 19:13:09','2017-02-05 19:19:16',1),(95,1,'App\\Contatos','public/dbdac7adca287c7b8c1215639eafaa19.jpeg','Eee','2017-02-05 19:19:17','2017-02-05 19:13:24','2017-02-05 19:19:17',1),(96,1,'App\\Contatos','public/dbdac7adca287c7b8c1215639eafaa19.jpeg','rrr','2017-02-05 19:19:17','2017-02-05 19:14:18','2017-02-05 19:19:17',1),(97,1,'App\\Contatos','public/dbdac7adca287c7b8c1215639eafaa19.jpeg','qwe','2017-02-05 19:19:17','2017-02-05 19:14:50','2017-02-05 19:19:17',1),(98,1,'App\\Contatos','public/dbdac7adca287c7b8c1215639eafaa19.jpeg','yyy','2017-02-05 19:19:18','2017-02-05 19:15:15','2017-02-05 19:19:18',1),(99,1,'App\\Contatos','public/dbdac7adca287c7b8c1215639eafaa19.jpeg','qwe','2017-02-05 19:19:18','2017-02-05 19:18:09','2017-02-05 19:19:18',1),(100,1,'App\\Contatos','public/dbdac7adca287c7b8c1215639eafaa19.jpeg','BG','2017-02-05 19:19:19','2017-02-05 19:18:30','2017-02-05 19:19:19',1),(101,1,'App\\Contatos','public/dbdac7adca287c7b8c1215639eafaa19.jpeg','BG','2017-02-05 19:43:56','2017-02-05 19:19:38','2017-02-05 19:43:56',1),(102,1,'App\\Contatos','public/3b83ef96387f14655fc854ddc3c6bd57.txt','TXT','2017-02-05 19:20:03','2017-02-05 19:19:57','2017-02-05 19:20:03',1),(103,1,'App\\Contatos','public/f6b9a338a26eb202a3c993b009646f12.txt','TXT','2017-02-05 19:20:03','2017-02-05 19:19:57','2017-02-05 19:20:03',1),(104,1,'App\\Contatos','public/dbdac7adca287c7b8c1215639eafaa19.jpeg','Header','2017-02-05 19:20:04','2017-02-05 19:19:57','2017-02-05 19:20:04',1),(105,2,'App\\Atendimentos','public/3796b62543a8e8177ade1616a571c36f.jpeg','Arquivo',NULL,'2017-02-05 20:48:52','2017-02-05 20:48:52',2),(106,2,'App\\Atendimentos','public/573b5ec6540f3e744a30ffe1759f7533.jpeg','mesa',NULL,'2017-02-05 20:51:12','2017-02-05 20:51:12',2),(107,2,'App\\Atendimentos','public/01a0abba90978a2136955cd26be392aa.jpeg','asd',NULL,'2017-02-05 20:52:44','2017-02-05 20:52:44',2),(108,2,'App\\Atendimentos','public/dba232cf1f3cdddf4fce19632976f568.jpeg','aaaa',NULL,'2017-02-05 20:53:04','2017-02-05 20:53:04',2),(109,2,'App\\Atendimentos','public/413f8e773753e97f3cafb7dc43a7ffd3.jpeg','Aaaa',NULL,'2017-02-05 20:58:08','2017-02-05 20:58:08',2),(110,2,'App\\Atendimentos','public/01a0abba90978a2136955cd26be392aa.jpeg','111111111111111111111111111111111',NULL,'2017-02-05 20:58:42','2017-02-05 20:58:42',2),(111,2,'App\\Atendimento','public/dba232cf1f3cdddf4fce19632976f568.jpeg','111111111111111','2017-02-05 21:03:43','2017-02-05 20:59:32','2017-02-05 21:03:43',12),(112,2,'App\\Atendimentos','public/413f8e773753e97f3cafb7dc43a7ffd3.jpeg','1111111111111111111',NULL,'2017-02-05 21:00:51','2017-02-05 21:00:51',2),(113,2,'App\\Atendimento','public/413f8e773753e97f3cafb7dc43a7ffd3.jpeg','Aaaaaaaaaaa','2017-02-05 21:02:15','2017-02-05 21:01:33','2017-02-05 21:02:15',2),(114,2,'App\\Atendimento','public/dba232cf1f3cdddf4fce19632976f568.jpeg','Eeeeeeeeeeeeee','2017-02-05 21:03:29','2017-02-05 21:02:08','2017-02-05 21:03:29',2),(115,2,'App\\Atendimento','public/3eb967b151b6edb87c5fac6657c6202e.jpeg','g','2017-02-05 21:05:13','2017-02-05 21:05:06','2017-02-05 21:05:13',2),(116,2,'App\\Atendimento','public/573b5ec6540f3e744a30ffe1759f7533.jpeg','e','2017-02-05 21:05:14','2017-02-05 21:05:06','2017-02-05 21:05:14',2),(117,2,'App\\Atendimento','public/dba232cf1f3cdddf4fce19632976f568.jpeg','CPF','2017-02-05 21:05:15','2017-02-05 21:05:06','2017-02-05 21:05:15',2),(118,2,'App\\Atendimento','public/df32ec991207f643c4701fe682f48023.jpeg','f','2017-02-05 21:05:17','2017-02-05 21:05:07','2017-02-05 21:05:17',2),(119,2,'App\\Atendimento','public/01a0abba90978a2136955cd26be392aa.jpeg','b','2017-02-05 21:05:18','2017-02-05 21:05:08','2017-02-05 21:05:18',2),(120,2,'App\\Atendimento','public/413f8e773753e97f3cafb7dc43a7ffd3.jpeg','a',NULL,'2017-02-05 21:05:08','2017-02-05 21:05:08',2),(121,58,'App\\Atendimento','public/85219a61c6ddeb205b2397c78486f33d.odt','','2017-02-06 12:59:45','2017-02-06 12:59:42','2017-02-06 12:59:45',58),(122,61,'App\\Atendimento','public/0419ab0197a9f825a1ece070ad4d789b.png','Frente da loja Araraquara',NULL,'2017-02-08 15:51:47','2017-02-08 15:51:47',61),(123,61,'App\\Atendimento','public/e85a8f46cf620effbcb8d9e6d9643181.png','Home da loja',NULL,'2017-02-08 15:51:47','2017-02-08 15:51:47',61),(124,61,'App\\Atendimento','public/c72241fe67f7c847903c63203f0d679b.png','Frente de loja Foco',NULL,'2017-02-08 15:51:47','2017-02-08 15:51:47',61),(125,62,'App\\Atendimento','public/140240c356d3b6cabed64f8fcc9422f5.png','Home do site',NULL,'2017-02-08 19:01:39','2017-02-08 19:01:39',62),(126,68,'App\\Atendimento','public/145341add140abc4c5e51c4f7087cc24.png','Fanpage Detalhes','2017-02-11 13:39:39','2017-02-11 13:39:25','2017-02-11 13:39:39',68),(127,68,'App\\Atendimento','public/145341add140abc4c5e51c4f7087cc24.png','Fanpage Detalhes',NULL,'2017-02-11 13:40:24','2017-02-11 13:40:24',68),(128,68,'App\\Atendimento','public/9585947eec424d6d28038500ec567179.png','Archive Site',NULL,'2017-02-11 13:40:24','2017-02-11 13:40:24',68),(129,68,'App\\Atendimento','public/8c977d875da57a6ba537becdf7325bf7.pdf','Avaliação negativa Fanpage','2017-02-11 13:41:07','2017-02-11 13:40:24','2017-02-11 13:41:07',68),(130,75,'App\\Atendimento','public/440728abdfd94211fadae175c3e9b303.jpeg','Conversa Whats15/02/17',NULL,'2017-02-16 00:33:14','2017-02-16 00:33:14',75);
/*!40000 ALTER TABLE `attachments` ENABLE KEYS */;
UNLOCK TABLES;

--
-- Table structure for table `caixas`
--

DROP TABLE IF EXISTS `caixas`;
CREATE TABLE `caixas` (
  `id` int(10) unsigned NOT NULL AUTO_INCREMENT,
  `filial_id` int(11) NOT NULL,
  `funcionario_id` int(11) NOT NULL,
  `valor` double(8,2) NOT NULL,
  `created_at` timestamp NULL DEFAULT NULL,
  `updated_at` timestamp NULL DEFAULT NULL,
  `deleted_at` timestamp NULL DEFAULT NULL,
  `estado` varchar(255) DEFAULT NULL,
  `contatos_id` int(11) DEFAULT NULL,
  PRIMARY KEY (`id`)
) ;

--
-- Dumping data for table `caixas`
--

LOCK TABLES `caixas` WRITE;
/*!40000 ALTER TABLE `caixas` DISABLE KEYS */;
/*!40000 ALTER TABLE `caixas` ENABLE KEYS */;
UNLOCK TABLES;

--
-- Table structure for table `cats`
--

DROP TABLE IF EXISTS `cats`;
CREATE TABLE `cats` (
  `id` int(10) unsigned NOT NULL AUTO_INCREMENT,
  `contatos_id` int(11) NOT NULL,
  `hora` varchar(255) DEFAULT NULL,
  `percurso` varchar(255) DEFAULT NULL,
  `data` varchar(255) DEFAULT NULL,
  `codigo` varchar(255) DEFAULT NULL,
  `estado` varchar(255) DEFAULT NULL,
  `obs` varchar(255) DEFAULT NULL,
  `inicio` varchar(255) DEFAULT NULL,
  `final` varchar(255) DEFAULT NULL,
  `deleted_at` timestamp NULL DEFAULT NULL,
  `created_at` timestamp NULL DEFAULT NULL,
  `updated_at` timestamp NULL DEFAULT NULL,
  PRIMARY KEY (`id`)
) ;

--
-- Dumping data for table `cats`
--

LOCK TABLES `cats` WRITE;
/*!40000 ALTER TABLE `cats` DISABLE KEYS */;
/*!40000 ALTER TABLE `cats` ENABLE KEYS */;
UNLOCK TABLES;

--
-- Table structure for table `combobox_texts`
--

DROP TABLE IF EXISTS `combobox_texts`;
CREATE TABLE `combobox_texts` (
  `id` int(10) unsigned NOT NULL AUTO_INCREMENT,
  `combobox_textable_id` int(11) NOT NULL,
  `combobox_textable_type` varchar(255) NOT NULL,
  `field` varchar(255) NOT NULL,
  `value` varchar(255) NOT NULL,
  `text` varchar(255) NOT NULL,
  `deleted_at` timestamp NULL DEFAULT NULL,
  `created_at` timestamp NULL DEFAULT NULL,
  `updated_at` timestamp NULL DEFAULT NULL,
  PRIMARY KEY (`id`)
)  AUTO_INCREMENT=20;

--
-- Dumping data for table `combobox_texts`
--

LOCK TABLES `combobox_texts` WRITE;
/*!40000 ALTER TABLE `combobox_texts` DISABLE KEYS */;
INSERT INTO `combobox_texts` VALUES (1,1,'App\\Telefones','(99) 9.9999-9999','Cel','Cel',NULL,'2017-01-23 17:48:46','2017-02-01 15:05:34'),(2,1,'App\\Telefones','(99) 9999-9999','Tel','Tel',NULL,'2017-01-23 17:49:04','2017-02-01 14:59:46'),(3,1,'App\\Telefones','tipo','E-Mail','E-Mail','2017-02-08 20:07:29','2017-01-23 17:49:04','2017-02-08 20:07:29'),(4,1,'App\\Atendimentos','tipo','Prospecção','Prospecção',NULL,'2017-01-25 13:54:53','2017-01-25 13:54:53'),(5,1,'App\\Atendimentos','tipo','Reunião','Reunião',NULL,'2017-01-25 13:54:53','2017-01-25 13:54:53'),(6,1,'App\\Atendimentos','tipo','Modificações','Modificações',NULL,'2017-01-25 13:54:54','2017-01-25 13:54:54'),(7,1,'App\\Atendimentos','tipo','Atendimento','Atendimento',NULL,'2017-01-25 13:54:54','2017-01-25 13:54:54'),(8,1,'App\\Consumos','tipo','1002','Energia Eletrica',NULL,'2017-02-01 18:11:28','2017-02-01 18:56:29'),(9,1,'App\\Consumos','tipo','1001','Agua e Esgoto',NULL,'2017-02-01 18:11:47','2017-02-01 18:56:34'),(10,1,'App\\Contas\\Formas','tipo','Dinheiro','Dinheiro',NULL,'2017-02-01 18:55:15','2017-02-01 18:55:15'),(11,1,'App\\Contas\\Formas','tipo','Debito em conta','Debito em conta',NULL,'2017-02-01 18:55:15','2017-02-01 18:55:15'),(12,1,'App\\Contas','1','Pagamento de Salario','Pagamento de Salario',NULL,'2017-02-01 19:22:52','2017-02-01 19:22:52'),(13,1,'App\\Contas','1','Outros','Outros',NULL,'2017-02-01 19:30:07','2017-02-01 19:30:07'),(14,1,'App\\Contas','1','Site','Site',NULL,'2017-02-01 19:34:09','2017-02-01 19:34:09'),(15,1,'App\\Contas','1','Consultoria','Consultoria',NULL,'2017-02-01 19:34:10','2017-02-01 19:34:10'),(16,1,'App\\Consumos','tipo','1003','Internet e Telefone',NULL,'2017-02-01 19:37:16','2017-02-01 19:37:16'),(17,1,'App\\Atendimentos','tipo','Pesquisa','Pesquisa',NULL,'2017-02-03 14:24:49','2017-02-03 14:24:49'),(18,1,'App\\Telefones','','E-Mail','E-Mail','2017-02-08 20:06:46','2017-02-08 20:06:27','2017-02-08 20:06:46'),(19,1,'App\\Telefones','','E-Mail','E-Mail',NULL,'2017-02-08 20:07:26','2017-02-08 20:07:26');
/*!40000 ALTER TABLE `combobox_texts` ENABLE KEYS */;
UNLOCK TABLES;

--
-- Table structure for table `contas`
--

DROP TABLE IF EXISTS `contas`;
CREATE TABLE `contas` (
  `id` int(10) unsigned NOT NULL AUTO_INCREMENT,
  `created_at` timestamp NULL DEFAULT NULL,
  `updated_at` timestamp NULL DEFAULT NULL,
  `contatos_id` int(11) DEFAULT NULL,
  `referente` int(11) DEFAULT NULL,
  `estado` varchar(255) DEFAULT NULL,
  `tipo` varchar(255) DEFAULT NULL,
  `nome` varchar(255) DEFAULT NULL,
  `descricao` varchar(255) DEFAULT NULL,
  `valor` double(8,2) DEFAULT NULL,
  `vencimento` date DEFAULT NULL,
  `deleted_at` timestamp NULL DEFAULT NULL,
  `pagamento` varchar(255) DEFAULT NULL,
  `desconto` double DEFAULT NULL,
  `dm` varchar(255) DEFAULT NULL,
  PRIMARY KEY (`id`)
)  AUTO_INCREMENT=59;

--
-- Dumping data for table `contas`
--

LOCK TABLES `contas` WRITE;
/*!40000 ALTER TABLE `contas` DISABLE KEYS */;
INSERT INTO `contas` VALUES (1,'2016-12-16 18:46:39','2017-02-01 19:25:37',3,1,'1','1','Siteq','receber ultima parcela do Site',600.00,'2016-12-20','2017-02-01 19:25:37',NULL,NULL,NULL),(2,'2016-12-16 18:47:09','2017-02-01 19:25:40',2,2,'0','1','Servicos','ERP',30.00,'2017-01-05','2017-02-01 19:25:40',NULL,NULL,NULL),(3,'2016-12-16 18:47:47','2017-02-01 19:25:41',5,3,'0','1','Serviços','',220.00,'2016-12-20','2017-02-01 19:25:41',NULL,NULL,NULL),(4,'2016-12-16 18:49:35','2016-12-16 18:49:45',4,4,'0','1','Site','Desenvolvimento site',2000.00,'2017-03-20','2016-12-16 18:49:45',NULL,NULL,NULL),(5,'2016-12-16 18:49:35','2016-12-16 18:49:51',4,5,'0','1','Site','Desenvolvimento site',2000.00,'2017-03-20','2016-12-16 18:49:51',NULL,NULL,NULL),(6,'2016-12-16 18:51:17','2016-12-16 18:51:52',4,6,'0','0','Site','',2000.00,'2017-03-20','2016-12-16 18:51:52',NULL,NULL,NULL),(7,'2016-12-16 18:51:48','2016-12-17 13:53:35',4,7,'0','1','Site','',400.00,'2016-12-20','2016-12-17 13:53:35',NULL,NULL,NULL),(8,'2016-12-17 13:53:08','2016-12-17 14:06:54',4,8,'0','1','Site','',2000.00,'2017-04-20','2016-12-17 14:06:54',NULL,NULL,NULL),(9,'2016-12-17 13:53:08','2016-12-17 14:06:56',4,8,'1','1','Site 0','',400.00,'2016-11-20','2016-12-17 14:06:56',NULL,NULL,NULL),(10,'2016-12-17 13:53:08','2016-12-17 14:06:55',4,8,'0','1','Site 1','',400.00,'2016-12-20','2016-12-17 14:06:55',NULL,NULL,NULL),(11,'2016-12-17 14:08:08','2017-02-01 19:25:43',4,11,'0','1','Site','',2000.00,'2017-04-20','2017-02-01 19:25:43',NULL,NULL,NULL),(12,'2016-12-17 14:08:08','2017-02-01 19:25:45',4,11,'1','1','Site 0','',400.00,'2016-11-20','2017-02-01 19:25:45',NULL,NULL,NULL),(13,'2016-12-17 14:08:08','2017-02-01 19:25:47',4,11,'0','1','Site 1','',400.00,'2016-12-20','2017-02-01 19:25:47',NULL,NULL,NULL),(14,'2016-12-17 14:08:08','2017-02-01 19:27:40',4,11,'0','1','Site 2','',400.00,'2017-01-20','2017-02-01 19:27:40',NULL,NULL,NULL),(15,'2016-12-17 14:08:08','2017-02-01 19:27:41',4,11,'0','1','Site 3','',400.00,'2017-02-20','2017-02-01 19:27:41',NULL,NULL,NULL),(16,'2016-12-17 14:08:08','2017-02-01 19:27:42',4,11,'0','1','Site 4','',400.00,'2017-03-20','2017-02-01 19:27:42',NULL,NULL,NULL),(17,'2016-12-17 14:10:52','2017-02-01 19:27:19',2,17,'0','0','Carro','Parcelamento do carro em cheque',10500.00,'2017-05-20','2017-02-01 19:27:19',NULL,NULL,NULL),(18,'2016-12-17 14:10:52','2017-02-01 19:27:24',2,17,'1','0','Carro 0','Parcelamento do carro em cheque',1100.00,'2016-12-09','2017-02-01 19:27:24',NULL,NULL,NULL),(19,'2016-12-17 14:10:52','2017-02-01 19:27:26',2,17,'1','0','Carro 1','Parcelamento do carro em cheque',4000.00,'2016-12-20','2017-02-01 19:27:26',NULL,NULL,NULL),(20,'2016-12-17 14:10:52','2017-02-01 19:27:28',2,17,'0','0','Carro 2','Parcelamento do carro em cheque',1100.00,'2017-01-09','2017-02-01 19:27:28',NULL,NULL,NULL),(21,'2016-12-17 14:10:53','2017-02-01 19:27:44',2,17,'0','0','Carro 3','Parcelamento do carro em cheque',1100.00,'2017-02-09','2017-02-01 19:27:44',NULL,NULL,NULL),(22,'2016-12-17 14:10:53','2017-02-01 19:27:30',2,17,'0','0','Carro 4','Parcelamento do carro em cheque',1100.00,'2017-03-09','2017-02-01 19:27:30',NULL,NULL,NULL),(23,'2016-12-17 14:10:53','2017-02-01 19:27:48',2,17,'0','0','Carro 5','Parcelamento do carro em cheque',1100.00,'2017-04-09','2017-02-01 19:27:48',NULL,NULL,NULL),(24,'2016-12-17 14:10:53','2017-02-01 19:27:50',2,17,'0','0','Carro 6','Parcelamento do carro em cheque',1100.00,'2017-05-09','2017-02-01 19:27:50',NULL,NULL,NULL),(25,'2016-12-17 14:23:56','2017-02-01 19:27:14',10,25,'0','0','Seguro Gol','',2063.16,'2017-09-20','2017-02-01 19:27:14',NULL,NULL,NULL),(26,'2016-12-17 14:23:56','2017-02-01 19:26:45',10,25,'1','0','Seguro Gol 0','',187.56,'2016-11-20','2017-02-01 19:26:45',NULL,NULL,NULL),(27,'2016-12-17 14:23:56','2017-02-01 19:27:52',10,25,'1','0','Seguro Gol 1','',187.56,'2016-12-20','2017-02-01 19:27:52',NULL,NULL,NULL),(28,'2016-12-17 14:23:56','2017-02-01 19:26:57',10,25,'0','0','Seguro Gol 2','',187.56,'2017-01-20','2017-02-01 19:26:57',NULL,NULL,NULL),(29,'2016-12-17 14:23:56','2017-02-01 19:26:53',10,25,'0','0','Seguro Gol 3','',187.56,'2017-01-20','2017-02-01 19:26:53',NULL,NULL,NULL),(30,'2016-12-17 14:23:56','2017-02-01 19:27:54',10,25,'0','0','Seguro Gol 4','',187.56,'2017-02-20','2017-02-01 19:27:54',NULL,NULL,NULL),(31,'2016-12-17 14:23:57','2017-02-01 19:27:55',10,25,'0','0','Seguro Gol 5','',187.56,'2017-03-20','2017-02-01 19:27:55',NULL,NULL,NULL),(32,'2016-12-17 14:23:57','2017-02-01 19:27:57',10,25,'0','0','Seguro Gol 6','',187.56,'2017-04-20','2017-02-01 19:27:57',NULL,NULL,NULL),(33,'2016-12-17 14:23:57','2017-02-01 19:28:04',10,25,'0','0','Seguro Gol 7','',187.56,'2017-05-20','2017-02-01 19:28:04',NULL,NULL,NULL),(34,'2016-12-17 14:23:57','2017-02-01 19:28:07',10,25,'0','0','Seguro Gol 8','',187.56,'2017-06-20','2017-02-01 19:28:07',NULL,NULL,NULL),(35,'2016-12-17 14:23:57','2017-02-01 19:28:09',10,25,'0','0','Seguro Gol 9','',187.56,'2017-07-20','2017-02-01 19:28:09',NULL,NULL,NULL),(36,'2016-12-17 14:23:57','2017-02-01 19:28:10',10,25,'0','0','Seguro Gol 10','',187.56,'2017-08-20','2017-02-01 19:28:10',NULL,NULL,NULL),(37,'2016-12-17 14:29:02','2017-02-01 19:27:35',9,37,'0','0','Emprestimo Carro','',4000.00,'2017-12-31','2017-02-01 19:27:35',NULL,NULL,NULL),(38,'2016-12-17 14:29:02','2017-02-01 19:28:11',9,37,'1','0','Emprestimo Carro 0','',1100.00,'2016-12-20','2017-02-01 19:28:11',NULL,NULL,NULL),(39,'2016-12-17 14:29:02','2017-02-01 19:28:14',9,37,'0','0','Emprestimo Carro 1','',1100.00,'2016-03-20','2017-02-01 19:28:14',NULL,NULL,NULL),(40,'2016-12-19 17:53:19','2017-02-01 19:28:16',11,40,'0','1','Site e Marketing','Desenvolvimento de site e marketing',1000.00,'2017-03-20','2017-02-01 19:28:16',NULL,NULL,NULL),(41,'2016-12-19 17:53:19','2017-02-01 19:28:17',11,40,'1','1','Site e Marketing 0','Desenvolvimento de site e marketing',200.00,'2016-11-20','2017-02-01 19:28:17',NULL,NULL,NULL),(42,'2016-12-19 17:53:19','2017-02-01 19:28:18',11,40,'1','1','Site e Marketing 1','Desenvolvimento de site e marketing',200.00,'2016-12-20','2017-02-01 19:28:18',NULL,NULL,NULL),(43,'2016-12-19 17:53:19','2017-02-01 19:28:20',11,40,'0','1','Site e Marketing 2','Desenvolvimento de site e marketing',200.00,'2017-01-20','2017-02-01 19:28:20',NULL,NULL,NULL),(44,'2016-12-19 17:53:19','2017-02-01 19:28:21',11,40,'0','1','Site e Marketing 3','Desenvolvimento de site e marketing',200.00,'2017-02-20','2017-02-01 19:28:21',NULL,NULL,NULL),(45,'2016-12-19 17:53:19','2017-02-01 19:28:23',11,40,'0','1','Site e Marketing 4','Desenvolvimento de site e marketing',200.00,'2017-03-20','2017-02-01 19:28:23',NULL,NULL,NULL),(46,'2016-12-22 00:26:00','2017-02-01 19:28:46',2,46,'0','0','RESTANTE de CARRO 1','Tera juros',500.00,'2016-12-21','2017-02-01 19:28:46',NULL,NULL,NULL),(47,'2017-01-03 14:35:41','2017-02-01 19:28:43',9,47,'1','1','Salario','<p>Salario de Dezembro</p>',110842.00,'2017-01-03','2017-02-01 19:28:43',NULL,NULL,NULL),(48,'2017-02-01 19:02:52','2017-02-01 19:02:52',36,48,'0','2','1002','',56.58,'2017-02-13',NULL,'Dinheiro',0,'109364708'),(49,'2017-02-01 19:10:43','2017-02-01 19:28:51',37,49,'0','2','1001','',27.73,'2017-02-25',NULL,'Dinheiro',0,'728322'),(50,'2017-02-01 19:25:16','2017-02-01 19:28:35',9,50,'0','0','Pagamento de Salario','',1108.42,'2017-02-01','2017-02-01 19:28:35','Debito em conta',0,'102'),(51,'2017-02-01 19:29:23','2017-02-01 19:29:26',9,51,'1','1','Pagamento de Salario','',1108.42,'2017-02-01',NULL,'Debito em conta',0,'102'),(52,'2017-02-01 19:30:35','2017-02-01 19:31:57',9,52,'1','1','Outros','<p>Ajuda para problemas</p>',1300.00,'2017-02-01',NULL,'Debito em conta',0,''),(53,'2017-02-01 19:31:37','2017-02-01 19:31:37',9,53,'0','0','Outros','<p>Ajuda para problemas</p>',1300.00,'2017-07-01',NULL,'Debito em conta',0,''),(54,'2017-02-01 19:32:25','2017-02-01 19:32:30',2,54,'1','0','Outros','',900.00,'2017-02-01',NULL,'Debito em conta',0,''),(55,'2017-02-01 19:33:25','2017-02-01 19:33:30',10,55,'1','0','Outros','<p>Seguro</p>',189.90,'2017-02-01',NULL,'Dinheiro',0,''),(56,'2017-02-01 19:34:33','2017-02-01 19:34:42',11,56,'0','0','Site','',200.00,'2017-01-20','2017-02-01 19:34:42','Dinheiro',0,''),(57,'2017-02-01 19:35:06','2017-02-01 19:35:09',11,57,'1','1','Site','',200.00,'2017-01-20',NULL,'Dinheiro',0,''),(58,'2017-02-01 19:38:06','2017-02-01 19:38:10',38,58,'1','2','1003','',150.00,'2017-02-05',NULL,'Dinheiro',0,'');
/*!40000 ALTER TABLE `contas` ENABLE KEYS */;
UNLOCK TABLES;

--
-- Table structure for table `contas_consumos`
--

DROP TABLE IF EXISTS `contas_consumos`;
CREATE TABLE `contas_consumos` (
  `id` int(10) unsigned NOT NULL AUTO_INCREMENT,
  `contas_id` int(11) NOT NULL,
  `codigo` varchar(255) DEFAULT NULL,
  `mes` varchar(255) DEFAULT NULL,
  `consumo` varchar(255) DEFAULT NULL,
  `cat` varchar(255) DEFAULT NULL,
  `valor_anterior` varchar(255) DEFAULT NULL,
  `valor_atual` varchar(255) DEFAULT NULL,
  `sub_item1` varchar(255) DEFAULT NULL,
  `sub_item2` varchar(255) DEFAULT NULL,
  `deleted_at` timestamp NULL DEFAULT NULL,
  `created_at` timestamp NULL DEFAULT NULL,
  `updated_at` timestamp NULL DEFAULT NULL,
  PRIMARY KEY (`id`)
)  AUTO_INCREMENT=4;

--
-- Dumping data for table `contas_consumos`
--

LOCK TABLES `contas_consumos` WRITE;
/*!40000 ALTER TABLE `contas_consumos` DISABLE KEYS */;
INSERT INTO `contas_consumos` VALUES (1,48,'38570912','01-2017','94','','0.53936170','','50.70','',NULL,'2017-02-01 19:02:52','2017-02-01 19:02:52'),(2,49,'061-3.0843.1320','01-2017','2','Residencial','313','315','2.94','2.94',NULL,'2017-02-01 19:10:43','2017-02-01 19:10:43'),(3,58,'','','','','','','','',NULL,'2017-02-01 19:38:07','2017-02-01 19:38:07');
/*!40000 ALTER TABLE `contas_consumos` ENABLE KEYS */;
UNLOCK TABLES;

--
-- Table structure for table `contatos`
--

DROP TABLE IF EXISTS `contatos`;
CREATE TABLE `contatos` (
  `id` int(10) unsigned NOT NULL AUTO_INCREMENT,
  `nome` varchar(255) DEFAULT NULL,
  `sobrenome` varchar(255) DEFAULT NULL,
  `cpf` varchar(255) DEFAULT NULL,
  `rg` varchar(255) DEFAULT NULL,
  `endereco` varchar(255) DEFAULT NULL,
  `bairro` varchar(255) DEFAULT NULL,
  `cidade` varchar(255) DEFAULT NULL,
  `uf` varchar(255) DEFAULT NULL,
  `cep` varchar(255) DEFAULT NULL,
  `sociabilidade` varchar(255) DEFAULT NULL,
  `active` varchar(255) DEFAULT NULL,
  `deleted` varchar(255) DEFAULT NULL,
  `created_at` timestamp NULL DEFAULT NULL,
  `updated_at` timestamp NULL DEFAULT NULL,
  `tipo` varchar(255) DEFAULT NULL,
  `deleted_at` timestamp NULL DEFAULT NULL,
  `obs` varchar(255) DEFAULT NULL,
  `codigo` varchar(255) DEFAULT NULL,
  `cod_prefeitura` varchar(255) DEFAULT NULL,
  `nascimento` varchar(255) DEFAULT NULL,
  `numero` varchar(255) DEFAULT NULL,
  `complemento` varchar(255) DEFAULT NULL,
  PRIMARY KEY (`id`)
)  AUTO_INCREMENT=46;

--
-- Dumping data for table `contatos`
--

LOCK TABLES `contatos` WRITE;
/*!40000 ALTER TABLE `contatos` DISABLE KEYS */;
INSERT INTO `contatos` VALUES (1,'Web GS','','','','','','Araraquara','SP','','5','4',NULL,NULL,'2016-12-16 18:36:16',NULL,NULL,NULL,NULL,NULL,NULL,NULL,NULL),(2,'Carmine','Tucci',NULL,NULL,'Cond. Flanboyants','','Araraquara','SP','',NULL,'4',NULL,'2016-12-16 18:39:47','2016-12-16 18:39:47','1',NULL,NULL,NULL,NULL,NULL,NULL,NULL),(3,'Hobbystore','',NULL,NULL,'Mercadão Municipal','','Araraquara','SP','','3','4',NULL,'2016-12-16 18:40:11','2016-12-16 18:40:11','0',NULL,NULL,NULL,NULL,NULL,NULL,NULL),(4,'Hidraupress','',NULL,NULL,'','','','','',NULL,'4',NULL,'2016-12-16 18:41:12','2016-12-16 18:41:12','0',NULL,NULL,NULL,NULL,NULL,NULL,NULL),(5,'Familia Negrini','',NULL,NULL,'','','Araraquara','','',NULL,'4',NULL,'2016-12-16 18:43:04','2016-12-16 18:43:04','0',NULL,NULL,NULL,NULL,NULL,NULL,NULL),(6,'Eliane','Negrini',NULL,NULL,'','','Araraquara','SP','',NULL,'4',NULL,'2016-12-16 18:44:19','2016-12-16 18:44:19','1',NULL,NULL,NULL,NULL,NULL,NULL,NULL),(7,'Elton','Hugo Negrini',NULL,NULL,'','','Araraquara','','','4','4',NULL,'2016-12-16 18:44:40','2016-12-16 18:44:40','1',NULL,NULL,NULL,NULL,NULL,NULL,NULL),(8,'Camelo Soluções','',NULL,NULL,'','','Araraquara','SP','',NULL,'4',NULL,'2016-12-16 18:45:48','2016-12-16 18:45:48','0',NULL,NULL,NULL,NULL,NULL,NULL,NULL),(9,'Notebook Center e Cia','',NULL,NULL,'','','Araraquara','','',NULL,'4',NULL,'2016-12-16 18:52:36','2016-12-16 18:52:36','0',NULL,NULL,NULL,NULL,NULL,NULL,NULL),(10,'MAPFRE Seguros','',NULL,NULL,'','','','','',NULL,'4',NULL,'2016-12-17 14:11:25','2016-12-17 14:11:25','0',NULL,NULL,NULL,NULL,NULL,NULL,NULL),(11,'Deives','Sartori',NULL,NULL,'','','','','',NULL,'4',NULL,'2016-12-19 17:51:49','2016-12-19 17:51:49','1',NULL,NULL,NULL,NULL,NULL,NULL,NULL),(12,'Giseli','???',NULL,NULL,'','','Araraquara','SP','','2','4',NULL,'2016-12-19 17:57:41','2016-12-19 17:57:41','1',NULL,NULL,NULL,NULL,NULL,NULL,NULL),(13,'Raissa','Velho',NULL,NULL,'Damha','','Araraquara','SP','',NULL,'4',NULL,'2016-12-19 17:58:13','2016-12-19 17:58:13','1',NULL,NULL,NULL,NULL,NULL,NULL,NULL),(14,'Sylvio Lanches','',NULL,NULL,'','','','','','4','4',NULL,'2016-12-22 00:23:15','2016-12-22 00:23:15','0',NULL,NULL,NULL,NULL,NULL,NULL,NULL),(15,'Juliano','Rodrigues','','','','','Araraquara','','','2','4',NULL,'2016-12-24 12:50:24','2017-02-06 17:25:31','1',NULL,'<p>Trabalhamos juntos na campanha do Elton</p>',NULL,'','',NULL,NULL),(16,'Moto Taxi Vaz Filho','',NULL,NULL,'','','Araraquara','SP','',NULL,'4',NULL,'2016-12-24 12:51:20','2016-12-24 12:51:20','0',NULL,'',NULL,NULL,NULL,NULL,NULL),(17,'Artur','Sena e Silva',NULL,NULL,'Rua Dr. Antonio Alonso de Martines, 65','Altos de Pinheiros','Araraquara','SP','','3','4',NULL,'2016-12-24 12:55:23','2016-12-24 12:55:23','1',NULL,'',NULL,NULL,NULL,NULL,NULL),(18,'Flavio','Côrtes',NULL,NULL,'Av. Cristovão Colombo, 387','Centro','Araraquara','SP','','4','4',NULL,'2016-12-24 12:56:49','2016-12-24 12:56:49','1',NULL,'<p>Fez tratamento do artur</p>',NULL,NULL,NULL,NULL,NULL),(19,'Flavio','Côrtes',NULL,NULL,'Av. Cristovão Colombo, 387','Centro','Araraquara','SP','','4','4',NULL,'2016-12-24 12:56:49','2016-12-24 12:56:54','1','2016-12-24 12:56:54','<p>Fez tratamento do artur</p>',NULL,NULL,NULL,NULL,NULL),(20,'Marcos','Casa aluguada Marcão',NULL,NULL,'','','Araraquara','SP','','4','4',NULL,'2016-12-24 13:45:03','2016-12-24 13:45:03','1',NULL,'',NULL,NULL,NULL,NULL,NULL),(21,'Lojas Cem','',NULL,NULL,'','','Araraquara','','','3','4',NULL,'2016-12-24 13:47:11','2016-12-24 13:47:11','0',NULL,'<p>Comprei o fogao com eles</p>',NULL,NULL,NULL,NULL,NULL),(22,'Magazine Luiza','',NULL,NULL,'','','Araraquara','','',NULL,'4',NULL,'2016-12-24 13:49:23','2016-12-24 13:49:23','0',NULL,'<p>A primeira bike motorizada comprada aqui pela pessoa que comprei</p>',NULL,NULL,NULL,NULL,NULL),(23,'Kanui','',NULL,NULL,'','','','','','4','4',NULL,'2016-12-24 13:52:32','2016-12-24 13:52:32','0',NULL,'<p>Loja de roupas online</p>',NULL,NULL,NULL,NULL,NULL),(24,'Kanui','',NULL,NULL,'','','','','','4','4',NULL,'2016-12-24 13:52:32','2016-12-24 13:52:44','0','2016-12-24 13:52:44','<p>Loja de roupas online</p>',NULL,NULL,NULL,NULL,NULL),(25,'Microsoft','',NULL,NULL,'','','','','','3','4',NULL,'2016-12-24 13:55:14','2016-12-24 13:55:14','0',NULL,'',NULL,NULL,NULL,NULL,NULL),(26,'Pet Vida','Completo e com amor',NULL,NULL,'Av Bento de Abreu, 789','Fonte Luminosa','Ararquara','SP','',NULL,'4',NULL,'2016-12-25 18:27:04','2016-12-25 18:27:04','0',NULL,'',NULL,NULL,NULL,NULL,NULL),(27,'Darlei','Reis',NULL,NULL,'Rua Tupy, 783','Santa Angelina','Araraquara','SP','14.802-282','3','4',NULL,'2016-12-25 18:29:40','2016-12-25 18:29:40','1',NULL,'',NULL,NULL,NULL,NULL,NULL),(28,'Dodo Moto Parts','',NULL,NULL,'Av Padre Antonio Cesarino, 1052 ','Vila Xavier','Araraquara','SP','','3','4',NULL,'2017-01-03 12:59:15','2017-01-03 12:59:15','0',NULL,'',NULL,NULL,NULL,NULL,NULL),(29,'Los Bigotes de Frida','','','','Avenida Professor Jorge Correia 640','Centro','Araraquara','SP','','3','4',NULL,'2017-01-03 13:01:32','2017-01-25 13:58:13','0',NULL,'<p>Recomendado pelo Sylvio Lanches</p>','','',NULL,NULL,NULL),(30,'Eleonora ( Lelis )','Ducerisier','','','Rua 13','Centro','Araraquara','SP','','4','4',NULL,'2017-01-03 13:14:15','2017-01-03 13:16:30','1',NULL,'',NULL,NULL,NULL,NULL,NULL),(31,'Reginaldo','Ferreira da Encarnação',NULL,NULL,'','','Ararquara','SP','','3','4',NULL,'2017-01-06 00:42:02','2017-01-06 00:42:02','1',NULL,'<p>Amigo de banco do Carlos, da notebook center</p>',NULL,NULL,NULL,NULL,NULL),(32,'Rogerio','Viana',NULL,NULL,'','','','','',NULL,'4',NULL,'2017-01-06 21:16:31','2017-01-06 21:16:31','1',NULL,'',NULL,NULL,NULL,NULL,NULL),(33,'Gabriel','Malavolta',NULL,NULL,'','','','','','3','4',NULL,'2017-01-06 21:19:06','2017-01-06 21:19:06','1',NULL,'',NULL,NULL,NULL,NULL,NULL),(34,'Pizzaria Al Capone','',NULL,NULL,' Av. Pres. Vargas, 1577','','Araraquara','SP','14801-425',NULL,'4',NULL,'2017-01-12 14:56:56','2017-01-12 14:56:56','0',NULL,'<p>Pizzaria indicada pelo Castanharo</p>',NULL,NULL,NULL,NULL,NULL),(35,'Nova Amarelinha','','','','R. Nove de Julho, 345','Centro','Araraquara','SP','','3','4',NULL,'2017-01-23 17:34:00','2017-01-23 17:34:00','0',NULL,'','','',NULL,NULL,NULL),(36,'CPFL Energia','CPFL Araraquara','','','','','','','','1','4',NULL,'2017-02-01 14:59:18','2017-02-01 14:59:18','0',NULL,'',NULL,'','',NULL,NULL),(37,'Departamento Autonomo de Agua e Esgotos','DAAE Araraquara','','','','','','','','1','4',NULL,'2017-02-01 15:08:54','2017-02-01 15:08:54','0',NULL,'',NULL,'','',NULL,NULL),(38,'NET Internet','NET','','','','','','','','2','4',NULL,'2017-02-01 19:35:47','2017-02-01 19:35:47','0',NULL,'',NULL,'','',NULL,NULL),(39,'Eduardo','Candreva','','','','','','','','3','4',NULL,'2017-02-01 21:02:53','2017-02-01 21:02:53','1',NULL,'',NULL,'','',NULL,NULL),(40,'Nivaldo','Castanharo','','','','','','','',NULL,'4',NULL,'2017-02-03 01:10:32','2017-02-03 01:10:32','1',NULL,'',NULL,'','',NULL,NULL),(41,'Caster','Caster Camisaria Sports','','','Sebastião Sampio Osório, 974','Santa Felicia','São Carlos','SP','13563-032',NULL,'4',NULL,'2017-02-08 15:37:44','2017-02-08 20:08:39','0',NULL,'',NULL,'','',NULL,NULL),(42,'Ergocorp','Ergocorp Ergonomia Corporativa - Unidade Araraquara','','','Rua Mato Grosso, 1606','Vila Xavier','Araraquara','21','',NULL,'4',NULL,'2017-02-09 13:30:23','2017-02-09 13:30:23','0',NULL,'',NULL,'','',NULL,NULL),(43,'Bazar Sensação','Bazar Sensação','','','Rua Padre Duarte, 2219','Centro','Araraquara','SP','','3','4',NULL,'2017-02-11 13:25:10','2017-02-11 13:25:10','0',NULL,'',NULL,'','',NULL,NULL),(44,'Rene','Sarli','','','','','','','','3','4',NULL,'2017-02-15 01:08:30','2017-02-15 01:08:30','1',NULL,'<p>Membro do grupo Joomla!Sem Frescura</p>',NULL,'','',NULL,NULL),(45,'Imoveis Pan','','','','','','','','14801-295','3','4',NULL,'2017-02-15 01:14:06','2017-02-15 01:14:06','0',NULL,'',NULL,'','',NULL,NULL);
/*!40000 ALTER TABLE `contatos` ENABLE KEYS */;
UNLOCK TABLES;

--
-- Table structure for table `contatos_pivot`
--

DROP TABLE IF EXISTS `contatos_pivot`;
CREATE TABLE `contatos_pivot` (
  `id` int(10) unsigned NOT NULL AUTO_INCREMENT,
  `from_id` int(11) NOT NULL,
  `from_text` varchar(255) NOT NULL,
  `to_id` int(11) NOT NULL,
  `to_text` varchar(255) NOT NULL,
  `created_at` timestamp NULL DEFAULT NULL,
  `updated_at` timestamp NULL DEFAULT NULL,
  PRIMARY KEY (`id`)
)  AUTO_INCREMENT=22;

--
-- Dumping data for table `contatos_pivot`
--

LOCK TABLES `contatos_pivot` WRITE;
/*!40000 ALTER TABLE `contatos_pivot` DISABLE KEYS */;
INSERT INTO `contatos_pivot` VALUES (3,2,'Cliente',1,'Prest. serviços',NULL,NULL),(4,3,'Cliente',1,'Prest. serviços',NULL,NULL),(5,5,'Cliente',1,'Fornecedor',NULL,NULL),(6,4,'Cliente',1,'Prest. serviços',NULL,NULL),(7,5,'familia',6,'Mãe',NULL,NULL),(8,5,'familia',7,'Pai',NULL,NULL),(9,8,'Cliente',1,'Fornecedor',NULL,NULL),(10,9,'Fornecedor',1,'Cliente',NULL,NULL),(11,10,'Cliente',1,'Fornecedor',NULL,NULL),(12,11,'Cliente',1,'Fornecedor',NULL,NULL),(13,12,'Cliente',1,'Fornecedor',NULL,NULL),(14,12,'amiga',13,'amiga',NULL,NULL),(15,14,'Cliente',1,'Fornecedor',NULL,NULL),(16,23,'Fornecedor',1,'Cliente',NULL,NULL),(17,24,'Fornecedor',1,'Cliente',NULL,NULL),(18,28,'Cliente',1,'Fornecedor',NULL,NULL),(20,30,'Fotografo',1,'Contato',NULL,NULL),(21,33,'Cliente',1,'Fornecedor',NULL,NULL);
/*!40000 ALTER TABLE `contatos_pivot` ENABLE KEYS */;
UNLOCK TABLES;

--
-- Table structure for table `discriminacoes`
--

DROP TABLE IF EXISTS `discriminacoes`;
CREATE TABLE `discriminacoes` (
  `id` int(10) unsigned NOT NULL AUTO_INCREMENT,
  `contas_id` int(11) DEFAULT NULL,
  `nome` varchar(255) DEFAULT NULL,
  `valor` varchar(255) DEFAULT NULL,
  `deleted_at` timestamp NULL DEFAULT NULL,
  `created_at` timestamp NULL DEFAULT NULL,
  `updated_at` timestamp NULL DEFAULT NULL,
  PRIMARY KEY (`id`)
)  AUTO_INCREMENT=14;

--
-- Dumping data for table `discriminacoes`
--

LOCK TABLES `discriminacoes` WRITE;
/*!40000 ALTER TABLE `discriminacoes` DISABLE KEYS */;
INSERT INTO `discriminacoes` VALUES (1,48,'Uso Sistema','16.48',NULL,'2017-02-01 19:02:52','2017-02-01 19:02:52'),(2,48,'Bandeira Verde','25.53',NULL,'2017-02-01 19:02:52','2017-02-01 19:02:52'),(3,48,'PIS','0.46',NULL,'2017-02-01 19:02:53','2017-02-01 19:02:53'),(4,48,'cofins','2.14',NULL,'2017-02-01 19:02:53','2017-02-01 19:02:53'),(5,48,'icms','6.09',NULL,'2017-02-01 19:02:53','2017-02-01 19:02:53'),(6,48,'Contribuição Custeio','5.88',NULL,'2017-02-01 19:02:53','2017-02-01 19:02:53'),(7,49,'Taxa manutencao hidrometro','0.26',NULL,'2017-02-01 19:10:43','2017-02-01 19:10:43'),(8,49,'Multa - Divida ativa','3.39',NULL,'2017-02-01 19:10:43','2017-02-01 19:10:43'),(9,49,'Cor.Monet - Divida ativa','10.65',NULL,'2017-02-01 19:10:43','2017-02-01 19:10:43'),(10,49,'juros - divida ativa','2.68',NULL,'2017-02-01 19:10:43','2017-02-01 19:10:43'),(11,49,'multa mora tds - da','0.39',NULL,'2017-02-01 19:10:43','2017-02-01 19:10:43'),(12,49,'taxa residuo solido','4.48',NULL,'2017-02-01 19:10:43','2017-02-01 19:10:43'),(13,58,'','',NULL,'2017-02-01 19:38:07','2017-02-01 19:38:07');
/*!40000 ALTER TABLE `discriminacoes` ENABLE KEYS */;
UNLOCK TABLES;

--
-- Table structure for table `erp_configs`
--

DROP TABLE IF EXISTS `erp_configs`;
CREATE TABLE `erp_configs` (
  `id` int(10) unsigned NOT NULL AUTO_INCREMENT,
  `field` varchar(255) NOT NULL,
  `text` varchar(255) NOT NULL,
  `value` varchar(255) NOT NULL,
  `options` varchar(255) NOT NULL,
  `deleted_at` timestamp NULL DEFAULT NULL,
  `created_at` timestamp NULL DEFAULT NULL,
  `updated_at` timestamp NULL DEFAULT NULL,
  PRIMARY KEY (`id`)
)  AUTO_INCREMENT=4;

--
-- Dumping data for table `erp_configs`
--

LOCK TABLES `erp_configs` WRITE;
/*!40000 ALTER TABLE `erp_configs` DISABLE KEYS */;
INSERT INTO `erp_configs` VALUES (1,'field_codigo','Campo \"Codigo\"','0','',NULL,'2017-01-27 17:11:18','2017-01-27 17:11:25'),(2,'img_destaque','Imagem de destaque','LOGO','50',NULL,'2017-01-27 17:11:18','2017-02-01 00:50:20'),(3,'modulo_atendimentos','MODULO \"ATENDIMENTOS\"','1','',NULL,'2017-01-27 17:11:18','2017-02-01 00:41:28');
/*!40000 ALTER TABLE `erp_configs` ENABLE KEYS */;
UNLOCK TABLES;

--
-- Table structure for table `est_movimentacoes`
--

DROP TABLE IF EXISTS `est_movimentacoes`;
CREATE TABLE `est_movimentacoes` (
  `id` int(10) unsigned NOT NULL AUTO_INCREMENT,
  `estoque_id` int(11) NOT NULL,
  `vendas_id` int(11) NOT NULL,
  `quantidade` double NOT NULL,
  `created_at` timestamp NULL DEFAULT NULL,
  `updated_at` timestamp NULL DEFAULT NULL,
  `deleted_at` timestamp NULL DEFAULT NULL,
  PRIMARY KEY (`id`)
) ;

--
-- Dumping data for table `est_movimentacoes`
--

LOCK TABLES `est_movimentacoes` WRITE;
/*!40000 ALTER TABLE `est_movimentacoes` DISABLE KEYS */;
/*!40000 ALTER TABLE `est_movimentacoes` ENABLE KEYS */;
UNLOCK TABLES;

--
-- Table structure for table `estoque`
--

DROP TABLE IF EXISTS `estoque`;
CREATE TABLE `estoque` (
  `id` int(10) unsigned NOT NULL AUTO_INCREMENT,
  `created_at` timestamp NULL DEFAULT NULL,
  `updated_at` timestamp NULL DEFAULT NULL,
  `contatos_id` int(11) NOT NULL,
  `nome` varchar(255) NOT NULL,
  `descricao` varchar(255) NOT NULL,
  `quantidade` double(8,2) NOT NULL,
  `valor_custo` double(8,2) NOT NULL,
  `deleted_at` timestamp NULL DEFAULT NULL,
  `barras` varchar(255) DEFAULT NULL,
  PRIMARY KEY (`id`)
) ;

--
-- Dumping data for table `estoque`
--

LOCK TABLES `estoque` WRITE;
/*!40000 ALTER TABLE `estoque` DISABLE KEYS */;
/*!40000 ALTER TABLE `estoque` ENABLE KEYS */;
UNLOCK TABLES;

--
-- Table structure for table `frotas`
--

DROP TABLE IF EXISTS `frotas`;
CREATE TABLE `frotas` (
  `id` int(10) unsigned NOT NULL AUTO_INCREMENT,
  `contatos_id` int(11) DEFAULT NULL,
  `placa` varchar(255) DEFAULT NULL,
  `marca` varchar(255) DEFAULT NULL,
  `modelo` varchar(255) DEFAULT NULL,
  `ano` varchar(255) DEFAULT NULL,
  `cor` varchar(255) DEFAULT NULL,
  `combustivel` varchar(255) DEFAULT NULL,
  `renavan` varchar(255) DEFAULT NULL,
  `chassis` varchar(255) DEFAULT NULL,
  `compra` varchar(255) DEFAULT NULL,
  `estado` varchar(255) DEFAULT NULL,
  `created_at` timestamp NULL DEFAULT NULL,
  `updated_at` timestamp NULL DEFAULT NULL,
  `deleted_at` timestamp NULL DEFAULT NULL,
  PRIMARY KEY (`id`)
) ;

--
-- Dumping data for table `frotas`
--

LOCK TABLES `frotas` WRITE;
/*!40000 ALTER TABLE `frotas` DISABLE KEYS */;
/*!40000 ALTER TABLE `frotas` ENABLE KEYS */;
UNLOCK TABLES;

--
-- Table structure for table `funcionarios`
--

DROP TABLE IF EXISTS `funcionarios`;
CREATE TABLE `funcionarios` (
  `id` int(10) unsigned NOT NULL AUTO_INCREMENT,
  `contatos_id` int(11) NOT NULL,
  `cargo` varchar(255) DEFAULT NULL,
  `estado` varchar(255) DEFAULT NULL,
  `data_adm` varchar(255) DEFAULT NULL,
  `data_dem` varchar(255) DEFAULT NULL,
  `cnh` varchar(255) DEFAULT NULL,
  `cnh_cat` varchar(255) DEFAULT NULL,
  `cnh_venc` varchar(255) DEFAULT NULL,
  `cart_trab_num` varchar(255) DEFAULT NULL,
  `cart_trab_serie` varchar(255) DEFAULT NULL,
  `eleitor` varchar(255) DEFAULT NULL,
  `eleitor_sessao` varchar(255) DEFAULT NULL,
  `eleitor_zona` varchar(255) DEFAULT NULL,
  `eleitor_exp` varchar(255) DEFAULT NULL,
  `pis` varchar(255) DEFAULT NULL,
  `pis_banco` varchar(255) DEFAULT NULL,
  `inss` varchar(255) DEFAULT NULL,
  `rg_exp` varchar(255) DEFAULT NULL,
  `rg_pai` varchar(255) DEFAULT NULL,
  `rg_mae` varchar(255) DEFAULT NULL,
  `ajuda_custo` varchar(255) DEFAULT NULL,
  `reservista` varchar(255) DEFAULT NULL,
  `sal` varchar(255) DEFAULT NULL,
  `sal_inss` varchar(255) DEFAULT NULL,
  `vt` varchar(255) DEFAULT NULL,
  `vt_percentual` varchar(255) DEFAULT NULL,
  `va` varchar(255) DEFAULT NULL,
  `vr` varchar(255) DEFAULT NULL,
  `peri` varchar(255) DEFAULT NULL,
  `com_fixo` varchar(255) DEFAULT NULL,
  `com_perc` varchar(255) DEFAULT NULL,
  `meta` varchar(255) DEFAULT NULL,
  `deleted_at` timestamp NULL DEFAULT NULL,
  `created_at` timestamp NULL DEFAULT NULL,
  `updated_at` timestamp NULL DEFAULT NULL,
  PRIMARY KEY (`id`)
) ;

--
-- Dumping data for table `funcionarios`
--

LOCK TABLES `funcionarios` WRITE;
/*!40000 ALTER TABLE `funcionarios` DISABLE KEYS */;
/*!40000 ALTER TABLE `funcionarios` ENABLE KEYS */;
UNLOCK TABLES;

--
-- Table structure for table `migrations`
--

DROP TABLE IF EXISTS `migrations`;
CREATE TABLE `migrations` (
  `id` int(10) unsigned NOT NULL AUTO_INCREMENT,
  `migration` varchar(255) NOT NULL,
  `batch` int(11) NOT NULL,
  PRIMARY KEY (`id`)
)  AUTO_INCREMENT=47;

--
-- Dumping data for table `migrations`
--

LOCK TABLES `migrations` WRITE;
/*!40000 ALTER TABLE `migrations` DISABLE KEYS */;
INSERT INTO `migrations` VALUES (1,'2014_10_12_000000_create_users_table',1),(2,'2014_10_12_100000_create_password_resets_table',1),(3,'2016_11_06_163403_create_contatos_table',1),(4,'2016_11_06_164116_create_funcionarios_table',1),(5,'2016_11_17_123248_create_telefones_table',1),(6,'2016_11_24_215712_create_contatos_pivot_table2',1),(7,'2016_11_29_171816_create_atendimento_table',1),(8,'2016_12_01_162001_create_contas_table',1),(9,'2016_12_01_221934_contatos_add_tipo_table',1),(10,'2016_12_09_183304_create_estoque_table',1),(11,'2016_12_09_183333_create_colunms_contas_table',1),(12,'2016_12_11_212739_add_softdelete_contatos_table',1),(13,'2016_12_13_113159_add_softdelete_contas_table',1),(14,'2016_12_13_155054_add_softdelete_estoque_table',1),(15,'2016_12_22_123047_add_obs_contas_table',2),(16,'2016_12_22_131122_create_attachments_table',2),(17,'2016_12_22_183129_modify_codigo_estoque_table',3),(18,'2016_12_22_231333_create_caixas_table',4),(19,'2016_12_23_001639_add_trabalho_users_table',4),(20,'2016_12_26_153252_modify_estoque_table',5),(21,'2016_12_26_205859_create_vendas_table',5),(22,'2016_12_26_205932_create_est_movimentacoes_table',5),(23,'2017_01_03_155114_modify_attachments_table',6),(24,'2017_01_05_124255_modify_contas_table',7),(25,'2017_01_05_145957_modify_caixas_table',7),(26,'2017_01_05_151209_create_movs_table',7),(27,'2017_01_05_231634_create_movs_prestacao_table',7),(28,'2017_01_06_112212_create_combobox_textable_table',7),(29,'2017_01_07_114240_modify_contatos_table',7),(30,'2017_01_09_164159_modify_contas_table_dm_field',7),(31,'2017_01_11_223716_modify_contas_table_mes_ano',7),(32,'2017_01_11_225906_create_discriminacoes_table',7),(33,'2017_01_12_124249_softdeletes_atendimentos_table',7),(34,'2017_01_14_131933_codigoprefeitura_contatos_table',7),(35,'2017_01_14_234852_modify_telefones_table',7),(36,'2017_01_18_125211_create_funcionarios_table',7),(37,'2017_01_19_142606_add_birth_contatos_table',7),(38,'2017_01_19_142844_create_cats_table',7),(39,'2017_01_20_170011_create_erp_configs_table',7),(40,'2017_01_16_141414_modify_users_table',8),(41,'2017_01_23_225530_create_contas_consumo_table',9),(42,'2017_02_04_002243_create_tickets_table',10),(43,'2017_02_09_121635_create_frotas_table',10),(44,'2017_02_11_132640_create_abastecimentos_table',10),(45,'2017_02_12_150954_modificar_endereco_contatos_table',10),(46,'2017_02_14_011814_create_andamentos_table',10);
/*!40000 ALTER TABLE `migrations` ENABLE KEYS */;
UNLOCK TABLES;

--
-- Table structure for table `movs`
--

DROP TABLE IF EXISTS `movs`;
CREATE TABLE `movs` (
  `id` int(10) unsigned NOT NULL AUTO_INCREMENT,
  `caixas_id` int(11) DEFAULT NULL,
  `valor` double DEFAULT NULL,
  `tipo` varchar(255) DEFAULT NULL,
  `estado` varchar(255) DEFAULT NULL,
  `nome` varchar(255) DEFAULT NULL,
  `obs` text,
  `created_at` timestamp NULL DEFAULT NULL,
  `updated_at` timestamp NULL DEFAULT NULL,
  `deleted_at` timestamp NULL DEFAULT NULL,
  PRIMARY KEY (`id`)
) ;

--
-- Dumping data for table `movs`
--

LOCK TABLES `movs` WRITE;
/*!40000 ALTER TABLE `movs` DISABLE KEYS */;
/*!40000 ALTER TABLE `movs` ENABLE KEYS */;
UNLOCK TABLES;

--
-- Table structure for table `movs_prestacao`
--

DROP TABLE IF EXISTS `movs_prestacao`;
CREATE TABLE `movs_prestacao` (
  `id` int(10) unsigned NOT NULL AUTO_INCREMENT,
  `movs_id` int(11) NOT NULL,
  `justificativa` varchar(255) NOT NULL,
  `valor` double NOT NULL,
  `created_at` timestamp NULL DEFAULT NULL,
  `updated_at` timestamp NULL DEFAULT NULL,
  `deleted_at` timestamp NULL DEFAULT NULL,
  PRIMARY KEY (`id`)
) ;

--
-- Dumping data for table `movs_prestacao`
--

LOCK TABLES `movs_prestacao` WRITE;
/*!40000 ALTER TABLE `movs_prestacao` DISABLE KEYS */;
/*!40000 ALTER TABLE `movs_prestacao` ENABLE KEYS */;
UNLOCK TABLES;

--
-- Table structure for table `password_resets`
--

DROP TABLE IF EXISTS `password_resets`;
CREATE TABLE `password_resets` (
  `email` varchar(255) NOT NULL,
  `token` varchar(255) NOT NULL,
  `created_at` timestamp NULL DEFAULT NULL,
  KEY `password_resets_email_index` (`email`),
  KEY `password_resets_token_index` (`token`)
) ;

--
-- Dumping data for table `password_resets`
--

LOCK TABLES `password_resets` WRITE;
/*!40000 ALTER TABLE `password_resets` DISABLE KEYS */;
/*!40000 ALTER TABLE `password_resets` ENABLE KEYS */;
UNLOCK TABLES;

--
-- Table structure for table `telefones`
--

DROP TABLE IF EXISTS `telefones`;
CREATE TABLE `telefones` (
  `id` int(10) unsigned NOT NULL AUTO_INCREMENT,
  `contatos_id` int(11) NOT NULL,
  `tipo` varchar(255) DEFAULT NULL,
  `numero` varchar(255) DEFAULT NULL,
  `created_at` timestamp NULL DEFAULT NULL,
  `updated_at` timestamp NULL DEFAULT NULL,
  `contato` varchar(255) DEFAULT NULL,
  `setor` varchar(255) DEFAULT NULL,
  `ramal` varchar(255) DEFAULT NULL,
  PRIMARY KEY (`id`)
)  AUTO_INCREMENT=60;

--
-- Dumping data for table `telefones`
--

LOCK TABLES `telefones` WRITE;
/*!40000 ALTER TABLE `telefones` DISABLE KEYS */;
INSERT INTO `telefones` VALUES (1,14,'Email','sylviolanches@gmail.com','2016-12-22 00:23:39','2016-12-22 00:23:39',NULL,NULL,NULL),(2,14,'Cel','99788-2505','2016-12-22 00:24:02','2016-12-22 00:24:02',NULL,NULL,NULL),(3,14,'Tel','3335-9626','2016-12-22 00:24:28','2016-12-22 00:24:28',NULL,NULL,NULL),(4,16,'Tel','3335-3774','2016-12-24 12:51:44','2016-12-24 12:51:44',NULL,NULL,NULL),(5,16,'Tel','3339-7357','2016-12-24 12:52:20','2016-12-24 12:52:20',NULL,NULL,NULL),(6,16,'Gratis','0800 774 7273','2016-12-24 12:52:37','2016-12-24 12:52:37',NULL,NULL,NULL),(7,16,'Gratis','0800 772 7269','2016-12-24 12:52:47','2016-12-24 12:52:47',NULL,NULL,NULL),(8,15,'Tel','3472-7900','2016-12-24 12:53:09','2017-02-06 17:25:31','','',''),(9,15,'Cel','99634-1313','2016-12-24 12:53:20','2017-02-06 17:25:31','','',''),(10,15,'Email','jr@vpbrasil.com.br','2016-12-24 12:53:33','2017-02-06 17:25:32','','',''),(11,7,'Cel','997401-0424','2016-12-24 12:53:59','2016-12-24 12:53:59',NULL,NULL,NULL),(12,7,'Cel','98162-1711','2016-12-24 12:54:33','2016-12-24 12:54:33',NULL,NULL,NULL),(13,18,'Email','drflaviocortes@techs.com.br','2016-12-24 12:57:20','2016-12-24 12:57:20',NULL,NULL,NULL),(14,18,'Telefax','3336-6042','2016-12-24 12:57:39','2016-12-24 12:57:39',NULL,NULL,NULL),(15,20,'Cel','99108-1091','2016-12-24 13:45:17','2016-12-24 13:45:17',NULL,NULL,NULL),(16,23,'Site','www.kanui.com.br','2016-12-24 13:53:04','2016-12-24 13:53:04',NULL,NULL,NULL),(17,26,'Tel','3337-7800','2016-12-25 18:27:29','2016-12-25 18:27:29',NULL,NULL,NULL),(18,26,'Email','petvida@petvida.com.br','2016-12-25 18:27:41','2016-12-25 18:27:41',NULL,NULL,NULL),(19,26,'Site','www.petvida.com.br','2016-12-25 18:27:54','2016-12-25 18:27:54',NULL,NULL,NULL),(20,13,'Cel','98255-4696','2016-12-25 18:28:24','2016-12-25 18:28:24',NULL,NULL,NULL),(21,13,'Email','raissalvelho@gmail.com','2016-12-25 18:28:35','2016-12-25 18:28:35',NULL,NULL,NULL),(22,27,'Email','darlei@darleireis.com.br','2016-12-25 18:30:23','2016-12-25 18:30:23',NULL,NULL,NULL),(23,27,'Cel','99706-1002','2016-12-25 18:30:36','2016-12-25 18:30:36',NULL,NULL,NULL),(24,27,'FB Page','facebook.com.br/drcoachingdecarreira','2016-12-25 18:31:07','2016-12-25 18:31:07',NULL,NULL,NULL),(25,27,'Site','www.darleireis.com.br','2016-12-25 18:31:26','2016-12-25 18:31:26',NULL,NULL,NULL),(26,11,'Tel','3324-1021','2016-12-25 18:31:51','2016-12-25 18:31:51',NULL,NULL,NULL),(27,11,'Cel','99619-5709','2016-12-25 18:32:05','2016-12-25 18:32:05',NULL,NULL,NULL),(28,11,'Site','www.deivessartori.com.br','2016-12-25 18:32:18','2016-12-25 18:32:18',NULL,NULL,NULL),(29,3,'Tel','3322-0010','2016-12-25 18:42:41','2016-12-25 18:42:41',NULL,NULL,NULL),(30,3,'Vivo','99727-7778','2016-12-25 18:42:59','2016-12-25 18:42:59',NULL,NULL,NULL),(31,3,'Claro','99154-1950','2016-12-25 18:43:11','2016-12-25 18:43:11',NULL,NULL,NULL),(32,3,'Tim','98101-4718','2016-12-25 18:43:22','2016-12-25 18:43:22',NULL,NULL,NULL),(33,3,'FB','hobbystoreararaquara','2016-12-25 18:43:35','2016-12-25 18:43:35',NULL,NULL,NULL),(34,3,'Email','hobbystore@hotmail.com','2016-12-25 18:43:50','2016-12-25 18:43:50',NULL,NULL,NULL),(35,28,'Tel','16 3357-0665','2017-01-03 12:59:41','2017-01-03 12:59:41',NULL,NULL,NULL),(36,28,'Email','dodomotoparts@gmail.com','2017-01-03 12:59:55','2017-01-03 12:59:55',NULL,NULL,NULL),(37,29,'Tel','(16) 3357-8040','2017-01-03 13:01:49','2017-01-25 13:58:13','Alexandre','',''),(38,29,'FB','lbfararaquara','2017-01-03 13:02:05','2017-01-25 13:58:13','','',''),(39,29,'FB','lbfararaquara','2017-01-03 13:02:05','2017-01-25 13:58:13','','',''),(40,31,'Cel','16.99783.2638','2017-01-06 00:43:27','2017-01-06 00:43:27',NULL,NULL,NULL),(41,31,'Tel','33851353  ','2017-01-06 00:43:51','2017-01-06 00:43:51',NULL,NULL,NULL),(42,6,'Cel','997289868','2017-01-06 02:05:17','2017-01-06 02:05:17',NULL,NULL,NULL),(43,34,'Fixo','16 3014-4636','2017-01-12 15:03:55','2017-01-12 15:03:55',NULL,NULL,NULL),(44,35,'Tel','16 3332-0254','2017-01-23 17:34:00','2017-01-25 13:53:51','','',''),(45,35,'E-Mail','volpenogueira@gmail.com','2017-01-23 17:34:00','2017-01-25 13:53:51','','',''),(46,36,'Tel','0800 0 10 10 10','2017-02-01 14:59:18','2017-02-01 15:07:37','0800','',''),(47,37,'','tipo','2017-02-01 15:08:54','2017-02-01 15:08:54','','',''),(48,38,'','','2017-02-01 19:35:47','2017-02-01 19:35:47','','',''),(49,39,'Cel','(16) 9.8187-9159','2017-02-01 21:02:53','2017-02-01 21:02:53','','',''),(50,40,'Cel','(16) 9.9788-1500','2017-02-03 01:10:32','2017-02-03 01:10:32','','',''),(51,41,'Tel','(16) 3411-0271','2017-02-08 15:37:44','2017-02-08 15:37:44','Loja São Carlos','',''),(52,41,'Tel','(16) 3397-7487','2017-02-08 15:37:44','2017-02-08 15:37:44','Loja Araraquara','',''),(53,41,'E-Mail','castersports1@gmail.com','2017-02-08 20:09:11','2017-02-08 20:09:11','Bernado Email','',''),(54,42,'Tel','(16) 3322-5183','2017-02-09 13:30:23','2017-02-09 13:30:23','PABX Araraquara','',''),(55,42,'Tel','(15) 3329-2881','2017-02-09 13:30:23','2017-02-09 13:30:23','PABX Sorocaba','',''),(56,42,'Tel','(62) 3702-4833','2017-02-09 13:30:23','2017-02-09 13:30:23','Anapolis','',''),(57,43,'Tel','(16) 3336-7166','2017-02-11 13:25:10','2017-02-11 13:25:10','Tel','',''),(58,44,'','','2017-02-15 01:08:30','2017-02-15 01:08:30','','',''),(59,45,'','','2017-02-15 01:14:06','2017-02-15 01:14:06','','','');
/*!40000 ALTER TABLE `telefones` ENABLE KEYS */;
UNLOCK TABLES;

--
-- Table structure for table `tickets`
--

DROP TABLE IF EXISTS `tickets`;
CREATE TABLE `tickets` (
  `id` int(10) unsigned NOT NULL AUTO_INCREMENT,
  `contatos_id` int(11) DEFAULT NULL,
  `descricao` varchar(255) DEFAULT NULL,
  `status` varchar(255) DEFAULT NULL,
  `solucao` varchar(255) DEFAULT NULL,
  `created_at` timestamp NULL DEFAULT NULL,
  `updated_at` timestamp NULL DEFAULT NULL,
  `deleted_at` timestamp NULL DEFAULT NULL,
  PRIMARY KEY (`id`)
) ;

--
-- Dumping data for table `tickets`
--

LOCK TABLES `tickets` WRITE;
/*!40000 ALTER TABLE `tickets` DISABLE KEYS */;
/*!40000 ALTER TABLE `tickets` ENABLE KEYS */;
UNLOCK TABLES;

--
-- Table structure for table `users`
--

DROP TABLE IF EXISTS `users`;
CREATE TABLE `users` (
  `id` int(10) unsigned NOT NULL AUTO_INCREMENT,
  `contatos_id` int(11) NOT NULL,
  `email` varchar(255) NOT NULL,
  `password` varchar(255) NOT NULL,
  `remember_token` varchar(100) DEFAULT NULL,
  `ativo` int(11) NOT NULL,
  `perms` varchar(255) NOT NULL,
  `created_at` timestamp NULL DEFAULT NULL,
  `updated_at` timestamp NULL DEFAULT NULL,
  `trabalho_id` int(11) NOT NULL,
  PRIMARY KEY (`id`)
)  AUTO_INCREMENT=2;

--
-- Dumping data for table `users`
--

LOCK TABLES `users` WRITE;
/*!40000 ALTER TABLE `users` DISABLE KEYS */;
INSERT INTO `users` VALUES (1,1,'artur@webgs.com.br','$2y$10$LZ9edaN7VP5608WtceEXpebTeVtT0Uk4MfDv.z7JAQ84ydqvINfba','lGocFDWoA0RyDW8LwfFyaq5VfWJOKI3Nny0cTuE3FADdTJ7TLxRV57lF6I6K',1,'{\"admin\": 1}',NULL,'2016-12-20 14:56:53',0);
/*!40000 ALTER TABLE `users` ENABLE KEYS */;
UNLOCK TABLES;

--
-- Table structure for table `vendas`
--

DROP TABLE IF EXISTS `vendas`;
CREATE TABLE `vendas` (
  `id` int(10) unsigned NOT NULL AUTO_INCREMENT,
  `funcionario_id` int(11) NOT NULL,
  `comprador_id` int(11) DEFAULT NULL,
  `valor` double NOT NULL,
  `created_at` timestamp NULL DEFAULT NULL,
  `updated_at` timestamp NULL DEFAULT NULL,
  `deleted_at` timestamp NULL DEFAULT NULL,
  PRIMARY KEY (`id`)
) ;

--
-- Dumping data for table `vendas`
--

LOCK TABLES `vendas` WRITE;
/*!40000 ALTER TABLE `vendas` DISABLE KEYS */;
/*!40000 ALTER TABLE `vendas` ENABLE KEYS */;
UNLOCK TABLES;
/*!40103 SET TIME_ZONE=@OLD_TIME_ZONE */;

/*!40101 SET SQL_MODE=@OLD_SQL_MODE */;
/*!40014 SET FOREIGN_KEY_CHECKS=@OLD_FOREIGN_KEY_CHECKS */;
/*!40014 SET UNIQUE_CHECKS=@OLD_UNIQUE_CHECKS */;
/*!40111 SET SQL_NOTES=@OLD_SQL_NOTES */;

-- Dump completed on 2017-02-21 15:27:42
